"indic_sb,nace_r2,geo\time"	2017	2016	2015	2014	2013	2012	2011	2010	2009	2008
"V97120,R_S,AT"	4.52 p	5.03 p	4.29	4.09	3.71	2.83	2.85	3	2.97	3.03
"V97120,R_S,AT1"	5.13 p	5.73 p	4.64	4.36	3.73	2.89	2.72	2.94	2.91	2.77
"V97120,R_S,AT11"	5.31 p	4.73 p	5.02	5.35	3.92	3.85	3.55	3.87	4.26	4.49
"V97120,R_S,AT111"	2.33 p	: c	3.19	6.9	: c	3.31	: c	4	3.27	4.04
"V97120,R_S,AT112"	7.35 p	4.93 p	5.72	4.72	3.4	3.96	3.45	2.85	4.27	3.81
"V97120,R_S,AT113"	2.69 p	: c	4.53	5.75	: c	3.8	: c	6.52	4.68	6.52
"V97120,R_S,AT12"	4.41 p	4.68 p	4.16	4.34	3.61	3.34	2.91	3.41	3.05	3.41
"V97120,R_S,AT121"	4.84 p	5.79 p	5.17	4.07	3.11	3.87	3.24	4.08	3.71	4.82
"V97120,R_S,AT122"	6.36 p	4.92 p	3.93	4.21	3.89	4.73	4.61	4.72	5.72	4.74
"V97120,R_S,AT123"	3.59 p	5.10 p	4.97	4.77	5.88	1.48	1.26	1.43	1.08	2.29
"V97120,R_S,AT124"	3.58 p	4.33 p	3.72	2.34	3.86	3.72	3.34	3.74	3.39	2.57
"V97120,R_S,AT125"	3.87 p	4.92 p	3.6	3.94	1.74	3	3.15	3.29	2.86	3.34
"V97120,R_S,AT126"	3.70 p	5.26 p	4.09	4.21	4.42	3.64	3.52	4.53	4.09	4.91
"V97120,R_S,AT127"	4.64 p	3.86 p	4.04	5.42	2.88	3.61	2.71	3.34	2.53	2.78
"V97120,R_S,AT13"	5.54 p	6.46 p	4.87	4.27	3.78	2.64	2.58	2.7	2.77	2.41
"V97120,R_S,AT130"	5.54 p	6.46 p	4.87	4.27	3.78	2.64	2.58	2.7	2.77	2.41
"V97120,R_S,AT2"	3.97 p	4.67 p	3.63	4.01	4.03	2.82	2.99	2.91	3.32	3.41
"V97120,R_S,AT21"	4.55 p	4.64 p	4.36	4.24	4.37	3.34	3.83	3.66	4.1	3.18
"V97120,R_S,AT211"	4.70 p	4.70 p	4.7	4.19	3.8	2.74	2.81	3.01	3.82	3.1
"V97120,R_S,AT212"	3.82 p	4.26 p	5.05	4.09	5.6	3.7	6.12	5.18	4.75	2.7
"V97120,R_S,AT213"	4.86 p	4.88 p	2.56	4.6	4.98	5.62	5.95	5.1	4.8	4
"V97120,R_S,AT22"	3.72 p	4.69 p	3.3	3.89	3.87	2.59	2.63	2.59	2.98	3.51
"V97120,R_S,AT221"	3.45 p	5.45 p	3.15	4.54	3.8	2.22	2.05	1.91	2.18	2.51
"V97120,R_S,AT222"	2.71 p	3.34 p	2.44	3.46	7.84	3.16	2.85	2.87	3.62	5.99
"V97120,R_S,AT223"	6.30 p	4.68 p	4.93	5.33	5.29	3.61	3.89	3.67	4.81	5.04
"V97120,R_S,AT224"	2.89 p	2.88 p	2.15	2.77	3.03	2.57	3.34	2.38	3.6	3.63
"V97120,R_S,AT225"	6.17 p	6.08 p	5.67	4.87	3.89	4.51	3.78	4.76	4.3	5.58
"V97120,R_S,AT226"	2.54 p	5.00 p	3.14	1.76	2.3	1.66	2.56	4.59	3.87	5.07
"V97120,R_S,AT3"	3.90 p	4.17 p	4.13	3.71	3.5	2.72	2.99	3.14	2.87	3.24
"V97120,R_S,AT31"	4.21 p	4.64 p	4.43	3.95	3.65	2.69	2.54	2.54	2.38	3.04
"V97120,R_S,AT311"	4.11 p	4.75 p	4.26	3.07	3.92	4.09	3.51	3.6	3.16	4.06
"V97120,R_S,AT312"	3.82 p	4.10 p	3.7	4.28	3.32	1.96	1.89	2.02	1.96	2.07
"V97120,R_S,AT313"	5.49 p	4.72 p	7.59	3.95	3.15	4.42	3.85	3.49	3.26	3.54
"V97120,R_S,AT314"	4.19 p	5.82 p	4.42	3.5	3.97	4.52	4.03	2.62	2.9	5.96
"V97120,R_S,AT315"	4.86 p	5.79 p	5.21	4.12	4.6	2.88	3.18	3.6	2.94	4.74
"V97120,R_S,AT32"	3.30 p	3.41 p	4.04	3.36	3.09	2.91	3.27	3.92	3.48	3.04
"V97120,R_S,AT321"	2.86 p	: c	: c	: c	: c	: c	5.38	4.06	: c	3.61
"V97120,R_S,AT322"	3.20 p	: c	: c	: c	: c	: c	4.83	5.41	: c	4.45
"V97120,R_S,AT323"	3.34 p	3.27 p	4.54	3.48	2.83	2.79	2.75	3.47	3.27	2.6
"V97120,R_S,AT33"	3.82 p	3.77 p	3.96	3.77	3.58	2.59	3.58	3.53	3.32	3.79
"V97120,R_S,AT331"	6.33 p	: c	: c	: c	: c	5.7	: c	10.75	: c	7.11
"V97120,R_S,AT332"	3.68 p	4.26 p	4.61	3.92	4.27	1.83	3.07	2.43	2.38	2.76
"V97120,R_S,AT333"	4.12 p	: c	: c	: c	: c	4.08	: c	7.53	: c	7.05
"V97120,R_S,AT334"	4.53 p	: c	: c	3.06	2.29	3.44	3.25	3.97	3.64	7.07
"V97120,R_S,AT335"	3.34 p	3.08 p	4.02	3.67	3.08	3.45	3.9	4.62	4.67	3.98
"V97120,R_S,AT34"	4.16 p	5.01 p	3.66	3.36	3.55	2.8	3.05	3.32	2.8	3.29
"V97120,R_S,AT341"	4.04 p	2.61 p	5.02	5.21	4.92	4.29	2.61	6.46	3.92	5.56
"V97120,R_S,AT342"	4.19 p	5.54 p	3.33	2.89	3.22	2.56	3.12	2.79	2.61	2.9
"V97120,R_S,BG"	6.51	6.41	5.94	6.48	5.66	6.81	6.56	: 	: 	: 
"V97120,R_S,BG3"	8.19	7.94	6.88	8.16	6.16	7.7	7.09	: 	: 	: 
"V97120,R_S,BG31"	6.89	6.67	4.41	7.47	4.98	6.15	4.77	: 	: 	: 
"V97120,R_S,BG311"	11.86	3.61	3.28	3.79	3.28	4.8	8.47	: 	: 	: 
"V97120,R_S,BG312"	7.31	4.5	5.81	5.07	3.37	7.18	3.34	: 	: 	: 
"V97120,R_S,BG313"	7.87	6.91	3.1	10.63	3.32	4.47	2.84	: 	: 	: 
"V97120,R_S,BG314"	5.69	9.3	5.29	9.37	8.54	7.59	5.25	: 	: 	: 
"V97120,R_S,BG315"	4.16	5.39	3.74	5.36	3.02	5.68	4.33	: 	: 	: 
"V97120,R_S,BG32"	7.79	7.86	6.04	5.94	5.28	6.55	7.22	: 	: 	: 
"V97120,R_S,BG321"	8.34	11.7	4.46	7.01	5.87	5.98	5.94	: 	: 	: 
"V97120,R_S,BG322"	4.08	5.65	5.1	4.11	6.84	6.73	9.82	: 	: 	: 
"V97120,R_S,BG323"	4.35	6.42	4.53	6.27	4.37	6.04	6.23	: 	: 	: 
"V97120,R_S,BG324"	17.71	5.45	12.07	5.07	4.77	4.84	5.1	: 	: 	: 
"V97120,R_S,BG325"	8.61	7.32	10.85	5.91	4.82	13.32	13.04	: 	: 	: 
"V97120,R_S,BG33"	8.68	8.16	7.3	8.54	6.14	8.04	7.22	: 	: 	: 
"V97120,R_S,BG331"	7.74	7.93	7.4	9.33	6.36	8.5	8.26	: 	: 	: 
"V97120,R_S,BG332"	7.12	8.54	7.31	6.91	6.07	9.73	5.55	: 	: 	: 
"V97120,R_S,BG333"	7.09	10.34	6.89	6.08	4.16	4.78	3.74	: 	: 	: 
"V97120,R_S,BG334"	22.15	6.8	6.74	6.71	7.05	5.17	6.8	: 	: 	: 
"V97120,R_S,BG34"	8.52	8.33	8.16	9.65	7.44	9.05	8.1	: 	: 	: 
"V97120,R_S,BG341"	8.32	8.56	9.29	10.08	9.6	11.65	9.41	: 	: 	: 
"V97120,R_S,BG342"	9.83	9.96	4.67	15.22	4.49	7.22	5.73	: 	: 	: 
"V97120,R_S,BG343"	6.19	10.08	6.61	6.63	5.08	7.67	6.2	: 	: 	: 
"V97120,R_S,BG344"	9.04	6.78	7.71	7.3	5.57	5.85	7.57	: 	: 	: 
"V97120,R_S,BG4"	5.5	5.49	5.37	5.46	5.34	6.22	6.22	: 	: 	: 
"V97120,R_S,BG41"	5.13	5.07	5.09	4.98	5.08	5.7	5.31	: 	: 	: 
"V97120,R_S,BG411"	4.82	4.73	4.73	4.8	4.76	5.2	4.91	: 	: 	: 
"V97120,R_S,BG412"	6.02	5.49	4.63	7.02	7.71	11.48	6.52	: 	: 	: 
"V97120,R_S,BG413"	6.72	7.15	7.93	5.14	5.2	7.61	8.84	: 	: 	: 
"V97120,R_S,BG414"	7.81	7.11	7.25	5.6	11.43	7.06	5.58	: 	: 	: 
"V97120,R_S,BG415"	6.88	7.84	7.45	5.96	4.58	5.01	4.7	: 	: 	: 
"V97120,R_S,BG42"	6.67	6.82	6.32	7.07	6.2	7.92	9.27	: 	: 	: 
"V97120,R_S,BG421"	6.93	6.5	6.65	6.24	5.05	7.64	8.24	: 	: 	: 
"V97120,R_S,BG422"	5.93	7.38	5.04	5.05	7.21	12.14	8.6	: 	: 	: 
"V97120,R_S,BG423"	6.23	6.75	7.3	12.07	11.81	6.82	19.13	: 	: 	: 
"V97120,R_S,BG424"	4.59	6.29	4.53	8.53	3.38	5.22	6.21	: 	: 	: 
"V97120,R_S,BG425"	9.4	8.94	6.95	9.42	6.95	6.03	4.75	: 	: 	: 
"V97120,R_S,CZ"	5.29	5.26	4.62	5.57	5.88	: 	: 	: 	: 	: 
"V97120,R_S,CZ0"	5.29	5.26	4.62	5.57	5.88	: 	: 	: 	: 	: 
"V97120,R_S,CZ01"	4.32	3.6	3.25	4.26	4.57	: 	: 	: 	: 	: 
"V97120,R_S,CZ010"	4.32	3.6	3.25	4.26	4.57	: 	: 	: 	: 	: 
"V97120,R_S,CZ02"	5.46	5.52	4.92	5.74	5.82	: 	: 	: 	: 	: 
"V97120,R_S,CZ020"	5.46	5.52	4.92	5.74	5.82	: 	: 	: 	: 	: 
"V97120,R_S,CZ03"	6.23	6.05	5.36	6.55	6.43	: 	: 	: 	: 	: 
"V97120,R_S,CZ031"	6.9	6.54	5.44	6.81	6.92	: 	: 	: 	: 	: 
"V97120,R_S,CZ032"	5.55	5.58	5.28	6.28	5.92	: 	: 	: 	: 	: 
"V97120,R_S,CZ04"	6.15	5.84	5.37	5.89	6.41	: 	: 	: 	: 	: 
"V97120,R_S,CZ041"	6.99	5.97	5.36	6.46	7.29	: 	: 	: 	: 	: 
"V97120,R_S,CZ042"	5.69	5.77	5.37	5.59	5.95	: 	: 	: 	: 	: 
"V97120,R_S,CZ05"	5.55	6.04	5.12	6.08	6.32	: 	: 	: 	: 	: 
"V97120,R_S,CZ051"	5.85	6.42	5.09	6.63	5.91	: 	: 	: 	: 	: 
"V97120,R_S,CZ052"	5.43	5.42	5.32	5.1	5.77	: 	: 	: 	: 	: 
"V97120,R_S,CZ053"	5.41	6.4	4.92	6.74	7.35	: 	: 	: 	: 	: 
"V97120,R_S,CZ06"	4.91	5.36	4.93	6.01	6.17	: 	: 	: 	: 	: 
"V97120,R_S,CZ063"	7.23	6.94	6.89	7.82	7.96	: 	: 	: 	: 	: 
"V97120,R_S,CZ064"	4.32	4.93	4.44	5.5	5.66	: 	: 	: 	: 	: 
"V97120,R_S,CZ07"	6.61	6.3	5.45	6.28	6.98	: 	: 	: 	: 	: 
"V97120,R_S,CZ071"	6.5	5.85	5.56	6.1	7.6	: 	: 	: 	: 	: 
"V97120,R_S,CZ072"	6.72	6.75	5.34	6.45	6.35	: 	: 	: 	: 	: 
"V97120,R_S,CZ08"	4.72	5.04	4.23	4.98	5.83	: 	: 	: 	: 	: 
"V97120,R_S,CZ080"	4.72	5.04	4.23	4.98	5.83	: 	: 	: 	: 	: 
"V97120,R_S,DK"	: 	: 	: 	: 	2.7	3.59	3.7	: 	: 	: 
"V97120,R_S,DK0"	: 	: 	: 	: 	2.7	3.59	3.7	: 	: 	: 
"V97120,R_S,DK01"	: 	: 	: 	: 	2.36	2.87	3.09	: 	: 	: 
"V97120,R_S,DK011"	: 	: 	: 	: 	2.15	2.8	3.11	: 	: 	: 
"V97120,R_S,DK012"	: 	: 	: 	: 	1.95	2.16	2.44	: 	: 	: 
"V97120,R_S,DK013"	: 	: 	: 	: 	4.88	5.04	4.68	: 	: 	: 
"V97120,R_S,DK014"	: 	: 	: 	: 	2.78	2.97	2.07	: 	: 	: 
"V97120,R_S,DK02"	: 	: 	: 	: 	4.21	5.05	5.96	: 	: 	: 
"V97120,R_S,DK021"	: 	: 	: 	: 	5.04	5.29	5.06	: 	: 	: 
"V97120,R_S,DK022"	: 	: 	: 	: 	3.84	4.94	6.36	: 	: 	: 
"V97120,R_S,DK03"	: 	: 	: 	: 	3.24	4.41	4.26	: 	: 	: 
"V97120,R_S,DK031"	: 	: 	: 	: 	4.41	4.66	4.58	: 	: 	: 
"V97120,R_S,DK032"	: 	: 	: 	: 	2.65	4.28	4.09	: 	: 	: 
"V97120,R_S,DK04"	: 	: 	: 	: 	2.71	3.97	3.78	: 	: 	: 
"V97120,R_S,DK041"	: 	: 	: 	: 	2.58	3.95	3.76	: 	: 	: 
"V97120,R_S,DK042"	: 	: 	: 	: 	3.02	4.02	3.82	: 	: 	: 
"V97120,R_S,DK05"	: 	: 	: 	: 	2.33	4.01	3.74	: 	: 	: 
"V97120,R_S,DK050"	: 	: 	: 	: 	2.33	4.01	3.74	: 	: 	: 
"V97120,R_S,EE"	9.89	9.09	10.08	: 	: 	: 	: 	: 	: 	: 
"V97120,R_S,EE0"	9.89	9.09	10.08	: 	: 	: 	: 	: 	: 	: 
"V97120,R_S,EE00"	9.89	9.09	10.08	: 	: 	: 	: 	: 	: 	: 
"V97120,R_S,EE001"	9.5	8.41	9.68	: 	: 	: 	: 	: 	: 	: 
"V97120,R_S,EE004"	10.19	9.39	11.14	: 	: 	: 	: 	: 	: 	: 
"V97120,R_S,EE006"	10.69	9.3	8.37	: 	: 	: 	: 	: 	: 	: 
"V97120,R_S,EE007"	9.55	12.98	16.48	: 	: 	: 	: 	: 	: 	: 
"V97120,R_S,EE008"	10.88	9.99	9.62	: 	: 	: 	: 	: 	: 	: 
"V97120,R_S,ES"	5.21	6.23	: 	6.1	5.53	4.38	5.16	: 	: 	: 
"V97120,R_S,ES1"	4.89	5.52	: 	6	5.5	4.41	4.77	: 	: 	: 
"V97120,R_S,ES11"	5.05	5.56	: 	5.95	5.36	4.8	4.86	: 	: 	: 
"V97120,R_S,ES111"	4.56	5.44	: 	5.29	4.57	4.13	4.25	: 	: 	: 
"V97120,R_S,ES112"	4.99	4.88	: 	5.73	5.18	4.93	4.44	: 	: 	: 
"V97120,R_S,ES113"	6.49	6.81	: 	6.34	5.71	5.46	5.92	: 	: 	: 
"V97120,R_S,ES114"	5.37	5.56	: 	6.85	6.43	5.54	5.54	: 	: 	: 
"V97120,R_S,ES12"	4.75	4.92	: 	5.93	5.63	3.81	4.71	: 	: 	: 
"V97120,R_S,ES120"	4.75	4.92	: 	5.93	5.63	3.81	4.71	: 	: 	: 
"V97120,R_S,ES13"	4.4	6.43	: 	6.32	5.93	3.69	4.47	: 	: 	: 
"V97120,R_S,ES130"	4.4	6.43	: 	6.32	5.93	3.69	4.47	: 	: 	: 
"V97120,R_S,ES2"	4.07	5.21	: 	4.58	4.19	3.39	4.18	: 	: 	: 
"V97120,R_S,ES21"	4.07	4.39	: 	3.59	3.08	3.04	3.67	: 	: 	: 
"V97120,R_S,ES211"	4.69	4.72	: 	3.46	3.86	3.1	4.02	: 	: 	: 
"V97120,R_S,ES212"	3.29	3.73	: 	2.94	2.34	3.46	3.61	: 	: 	: 
"V97120,R_S,ES213"	4.38	4.71	: 	4	3.33	2.77	3.62	: 	: 	: 
"V97120,R_S,ES22"	4.16	5.09	: 	5.64	4.32	4.13	4	: 	: 	: 
"V97120,R_S,ES220"	4.16	5.09	: 	5.64	4.32	4.13	4	: 	: 	: 
"V97120,R_S,ES23"	3.04	6.04	: 	5.17	6.05	2.14	4.27	: 	: 	: 
"V97120,R_S,ES230"	3.04	6.04	: 	5.17	6.05	2.14	4.27	: 	: 	: 
"V97120,R_S,ES24"	4.28	6.34	: 	5.44	5.52	3.93	5.1	: 	: 	: 
"V97120,R_S,ES241"	3.22	4.83	: 	5.56	5.81	3.23	5.01	: 	: 	: 
"V97120,R_S,ES242"	4.21	6	: 	5.91	5.57	3.57	5.71	: 	: 	: 
"V97120,R_S,ES243"	4.59	6.81	: 	5.37	5.45	4.14	5.05	: 	: 	: 
"V97120,R_S,ES3"	4.9	5.25	: 	5.43	4.56	3.41	4.5	: 	: 	: 
"V97120,R_S,ES30"	4.9	5.25	: 	5.43	4.56	3.41	4.5	: 	: 	: 
"V97120,R_S,ES300"	4.9	5.25	: 	5.43	4.56	3.41	4.5	: 	: 	: 
"V97120,R_S,ES4"	5.29	5.99	: 	6.84	5.77	3.98	5.32	: 	: 	: 
"V97120,R_S,ES41"	4.57	5.25	: 	6.18	4.91	3.04	4.65	: 	: 	: 
"V97120,R_S,ES411"	5.63	6.84	: 	7.79	4.92	3.25	7.23	: 	: 	: 
"V97120,R_S,ES412"	3.98	6.88	: 	8.27	4.93	4.08	3.79	: 	: 	: 
"V97120,R_S,ES413"	4.8	5.38	: 	7.32	5.34	2.9	5.82	: 	: 	: 
"V97120,R_S,ES414"	3.59	4.61	: 	4.11	4.03	2.17	3	: 	: 	: 
"V97120,R_S,ES415"	5.14	4.41	: 	5.16	4.65	3.24	5.06	: 	: 	: 
"V97120,R_S,ES416"	4.22	4.83	: 	5.97	4.9	2.72	4.77	: 	: 	: 
"V97120,R_S,ES417"	4.88	4.62	: 	6.71	6.34	4.89	4.19	: 	: 	: 
"V97120,R_S,ES418"	4.43	4.74	: 	5.13	4.57	2.65	3.61	: 	: 	: 
"V97120,R_S,ES419"	4.45	4.92	: 	4.96	5.77	2.56	5.74	: 	: 	: 
"V97120,R_S,ES42"	5.83	6.82	: 	7.8	6.55	4.21	6.35	: 	: 	: 
"V97120,R_S,ES421"	5.74	6.32	: 	5.48	7.06	5.95	5.7	: 	: 	: 
"V97120,R_S,ES422"	4.87	7.86	: 	9.19	6.12	3.8	5.64	: 	: 	: 
"V97120,R_S,ES423"	5.16	6.44	: 	8.33	5.53	4.13	4.97	: 	: 	: 
"V97120,R_S,ES424"	5.31	5.64	: 	7.3	4.46	2.54	6.83	: 	: 	: 
"V97120,R_S,ES425"	6.99	6.92	: 	8.63	7.97	4.21	7.53	: 	: 	: 
"V97120,R_S,ES43"	5.93	6.21	: 	6.73	6.47	6.04	5.25	: 	: 	: 
"V97120,R_S,ES431"	5.51	6.22	: 	7.07	5.9	6.32	5.16	: 	: 	: 
"V97120,R_S,ES432"	6.68	6.19	: 	6.11	7.52	5.53	5.42	: 	: 	: 
"V97120,R_S,ES5"	5.08	6.67	: 	6	5.76	4.51	5.12	: 	: 	: 
"V97120,R_S,ES51"	4.63	6.79	: 	5.44	5.4	4.2	4.87	: 	: 	: 
"V97120,R_S,ES511"	4.66	6.78	: 	5.56	5.46	4.08	4.63	: 	: 	: 
"V97120,R_S,ES512"	4.68	7.43	: 	5.17	5.4	4.56	5.8	: 	: 	: 
"V97120,R_S,ES513"	5.34	6.47	: 	5.52	4.9	4.22	5.15	: 	: 	: 
"V97120,R_S,ES514"	4.13	6.43	: 	4.96	5.23	4.72	5.71	: 	: 	: 
"V97120,R_S,ES52"	5.92	6.75	: 	6.93	6.56	4.97	5.52	: 	: 	: 
"V97120,R_S,ES521"	6.65	8.16	: 	6.66	6.98	5.68	5.72	: 	: 	: 
"V97120,R_S,ES522"	4.82	5.9	: 	7.81	6.41	3.82	5.93	: 	: 	: 
"V97120,R_S,ES523"	5.66	6	: 	6.91	6.3	4.77	5.29	: 	: 	: 
"V97120,R_S,ES53"	4.96	5.84	: 	6.18	5.27	4.84	5.33	: 	: 	: 
"V97120,R_S,ES531"	7.06	7.47	: 	5.91	4.1	3.57	7.44	: 	: 	: 
"V97120,R_S,ES532"	4.51	5.42	: 	6.15	5.27	5.09	4.96	: 	: 	: 
"V97120,R_S,ES533"	5.9	7.58	: 	7.47	8.72	5.36	5.92	: 	: 	: 
"V97120,R_S,ES6"	6.34	7.21	: 	7.32	6.4	5.5	6.13	: 	: 	: 
"V97120,R_S,ES61"	6.45	7.47	: 	7.35	6.49	5.42	6.36	: 	: 	: 
"V97120,R_S,ES611"	5.87	7.17	: 	7.83	6.37	5.3	6.31	: 	: 	: 
"V97120,R_S,ES612"	6.19	7.68	: 	7.55	7.48	6.35	6.03	: 	: 	: 
"V97120,R_S,ES613"	7.08	6.7	: 	6.9	6.73	5.21	6.01	: 	: 	: 
"V97120,R_S,ES614"	5.99	7.11	: 	7.1	5.22	5.9	8.71	: 	: 	: 
"V97120,R_S,ES615"	9.27	8.98	: 	8.15	7.38	5.4	5.29	: 	: 	: 
"V97120,R_S,ES616"	7	6.7	: 	7.6	7.85	6.27	5.62	: 	: 	: 
"V97120,R_S,ES617"	7.1	8.67	: 	8.4	7.16	5.75	6.22	: 	: 	: 
"V97120,R_S,ES618"	5.61	6.61	: 	6.15	5.38	4.31	6.18	: 	: 	: 
"V97120,R_S,ES62"	5.79	5.86	: 	7.22	5.9	5.75	5.04	: 	: 	: 
"V97120,R_S,ES620"	5.79	5.86	: 	7.22	5.9	5.75	5.04	: 	: 	: 
"V97120,R_S,ES63"	8.16	8.83	: 	5.14	6.35	8.76	2.44	: 	: 	: 
"V97120,R_S,ES630"	8.16	8.83	: 	5.14	6.35	8.76	2.44	: 	: 	: 
"V97120,R_S,ES64"	4.38	5.55	: 	8.93	6.73	7.39	6.2	: 	: 	: 
"V97120,R_S,ES640"	4.38	5.55	: 	8.93	6.73	7.39	6.2	: 	: 	: 
"V97120,R_S,ES7"	5.54	6.84	: 	6.55	6.49	5.63	6.53	: 	: 	: 
"V97120,R_S,ES70"	5.54	6.84	: 	6.55	6.49	5.63	6.53	: 	: 	: 
"V97120,R_S,ES703"	9.76	7.78	: 	: c	: c	: c	7.61	: 	: 	: 
"V97120,R_S,ES704"	6.87	10.35	: 	6.42	9.49	8.49	8.72	: 	: 	: 
"V97120,R_S,ES705"	4.74	6.31	: 	5.91	5.49	5.48	5.27	: 	: 	: 
"V97120,R_S,ES706"	4.05	5.77	: 	: c	9.64	6.32	4.46	: 	: 	: 
"V97120,R_S,ES707"	6.71	5.55	: 	8.94	: c	: c	7.49	: 	: 	: 
"V97120,R_S,ES708"	7.4	7.99	: 	4.84	6.4	4.66	9.4	: 	: 	: 
"V97120,R_S,ES709"	5.7	6.67	: 	7.4	7.08	5.59	7.07	: 	: 	: 
"V97120,R_S,FI"	5.58	4.74	4.39	5.06	4.02	6.12	6.53	: 	: 	: 
"V97120,R_S,FI1"	5.59	4.74	4.37	5.04	4.01	6.11	6.53	: 	: 	: 
"V97120,R_S,FI19"	5.99	4.73	3.91	4.71	4.11	6.07	6.86	: 	: 	: 
"V97120,R_S,FI193"	6.82	6.09	4.54	4.48	4.71	5.74	7.07	: 	: 	: 
"V97120,R_S,FI194"	5.97	3.82	2.47	4.64	4.04	4.42	5.74	: 	: 	: 
"V97120,R_S,FI195"	7.13	5.68	5.61	6.69	5.35	7.22	7.52	: 	: 	: 
"V97120,R_S,FI196"	5.72	4.56	3.9	4.57	2.42	5.09	6.45	: 	: 	: 
"V97120,R_S,FI197"	5.41	4.29	3.69	4.35	4.17	6.85	7.1	: 	: 	: 
"V97120,R_S,FI1B"	5.49	4.95	4.62	5.2	3.97	6.35	6.61	: 	: 	: 
"V97120,R_S,FI1B1"	5.49	4.95	4.62	5.2	3.97	6.35	6.61	: 	: 	: 
"V97120,R_S,FI1C"	5.86	5.07	4.37	5.27	4.31	6.32	7.36	: 	: 	: 
"V97120,R_S,FI1C1"	5.87	4.95	4.85	5.17	4.95	7.19	8.83	: 	: 	: 
"V97120,R_S,FI1C2"	5.83	5.78	3.89	5.99	3.53	6.17	6.4	: 	: 	: 
"V97120,R_S,FI1C3"	5.68	4.88	4.11	5.18	4.45	5.74	6.47	: 	: 	: 
"V97120,R_S,FI1C4"	6.64	5.47	3.97	5.22	3.58	4.96	6.61	: 	: 	: 
"V97120,R_S,FI1C5"	5.13	4.14	4.04	4.81	3.29	5.38	4.48	: 	: 	: 
"V97120,R_S,FI1D"	5.05	4.03	4.44	4.91	3.69	5.47	5.17	: 	: 	: 
"V97120,R_S,FI1D1"	5.16	3.68	4.16	5.05	3.64	6.28	4.25	: 	: 	: 
"V97120,R_S,FI1D2"	4.41	3.41	4.31	4.46	2.32	4.67	4.22	: 	: 	: 
"V97120,R_S,FI1D3"	5	4.53	4.81	4.98	3.78	4.71	4.82	: 	: 	: 
"V97120,R_S,FI1D4"	: 	: 	4.05	4.33	3.62	5.55	5.42	: 	: 	: 
"V97120,R_S,FI1D5"	6.54	3.21	5.68	9.7	4.12	8.37	7.04	: 	: 	: 
"V97120,R_S,FI1D6"	: 	: 	5.22	4.84	4.56	5.83	6.23	: 	: 	: 
"V97120,R_S,FI1D7"	4.17	3.83	3.56	4.19	3.83	4.96	5.06	: 	: 	: 
"V97120,R_S,FI1D8"	3.96	5.7	4.14	4.11	3.36	: 	: 	: 	: 	: 
"V97120,R_S,FI1D9"	5.97	4.42	4.87	4.88	4.72	: 	: 	: 	: 	: 
"V97120,R_S,FI2"	4.69	4.55	5.03	4.41	2.38	3.9	4.6	: 	: 	: 
"V97120,R_S,FI20"	4.69	4.55	5.03	4.41	2.38	3.9	4.6	: 	: 	: 
"V97120,R_S,FI200"	4.69	4.55	5.03	4.41	2.38	3.9	4.6	: 	: 	: 
"V97120,R_S,FIZ"	5.73	5.16	7.18	8.73	8.41	16.21	12.33	: 	: 	: 
"V97120,R_S,FIZZ"	5.73	5.16	7.18	8.73	8.41	16.21	12.33	: 	: 	: 
"V97120,R_S,FIZZZ"	5.73	5.16	7.18	8.73	8.41	16.21	12.33	: 	: 	: 
"V97120,R_S,FR"	6	5.93	5.93	6.64	6.09	6.29	6.74	: 	: 	: 
"V97120,R_S,FR1"	5	4.98	4.85	5.39	5.21	5.06	5.25	: 	: 	: 
"V97120,R_S,FR10"	5	4.98	4.85	5.39	5.21	5.06	5.25	: 	: 	: 
"V97120,R_S,FR101"	4	4.21	4.12	4.5	4.11	4	4	: 	: 	: 
"V97120,R_S,FR102"	3	3.55	3.69	4.31	3.92	4.42	4.14	: 	: 	: 
"V97120,R_S,FR103"	6	6.17	5.55	6.76	7.36	6.67	6.93	: 	: 	: 
"V97120,R_S,FR104"	7	6.34	6.07	7.52	7.85	6.79	6.42	: 	: 	: 
"V97120,R_S,FR105"	5	4.46	4	4.21	4.41	3.76	4.4	: 	: 	: 
"V97120,R_S,FR106"	8	7.44	7.34	8.13	9.05	8.39	9.32	: 	: 	: 
"V97120,R_S,FR107"	8	7.14	7.64	8.19	7.51	7.23	8.11	: 	: 	: 
"V97120,R_S,FR108"	7	6.34	6.43	6.89	6.48	7.81	8.67	: 	: 	: 
"V97120,R_S,FR2"	: 	: 	5.7	6.59	5.93	6.31	7.1	: 	: 	: 
"V97120,R_S,FR21"	: 	: 	5.64	7.4	7.37	7.3	8.16	: 	: 	: 
"V97120,R_S,FR211"	: 	: 	6.19	8.82	9.15	7.14	10.88	: 	: 	: 
"V97120,R_S,FR212"	: 	: 	5.72	6.92	6.58	7.68	8.73	: 	: 	: 
"V97120,R_S,FR213"	: 	: 	5.65	6.89	6.83	7.06	6.83	: 	: 	: 
"V97120,R_S,FR214"	: 	: 	4.56	8.16	8.27	7.83	8.08	: 	: 	: 
"V97120,R_S,FR22"	: 	: 	6.32	6.82	6.73	6.39	7.15	: 	: 	: 
"V97120,R_S,FR221"	: 	: 	6.94	8.32	6.51	5.86	7.35	: 	: 	: 
"V97120,R_S,FR222"	: 	: 	6.17	6.23	7.48	6.43	7.35	: 	: 	: 
"V97120,R_S,FR223"	: 	: 	6.06	6.55	5.63	6.82	6.66	: 	: 	: 
"V97120,R_S,FR23"	: 	: 	5.91	6.4	5.86	6.31	7.49	: 	: 	: 
"V97120,R_S,FR231"	: 	: 	6.76	8.38	6.63	7.78	9.55	: 	: 	: 
"V97120,R_S,FR232"	: 	: 	5.56	5.54	5.54	5.73	6.68	: 	: 	: 
"V97120,R_S,FR24"	: 	: 	6.06	7.66	5.6	6.9	7.23	: 	: 	: 
"V97120,R_S,FR241"	: 	: 	7.23	7.72	5.03	7.02	: c	: 	: 	: 
"V97120,R_S,FR242"	: 	: 	5.97	7.85	6.86	8.61	9.47	: 	: 	: 
"V97120,R_S,FR243"	: 	: 	5.83	6.66	5.76	6.32	: c	: 	: 	: 
"V97120,R_S,FR244"	: 	: 	6.54	7.58	5.22	6.37	7.12	: 	: 	: 
"V97120,R_S,FR245"	: 	: 	4.46	5.7	4.34	5.99	6.1	: 	: 	: 
"V97120,R_S,FR246"	: 	: 	6.19	9.04	6.11	7.01	7.31	: 	: 	: 
"V97120,R_S,FR25"	: 	: 	4.72	5.37	5.19	5.1	6	: 	: 	: 
"V97120,R_S,FR251"	: 	: 	4.46	4.91	4.67	4.73	5.34	: 	: 	: 
"V97120,R_S,FR252"	: 	: 	4.9	5.56	6.18	5.37	6.84	: 	: 	: 
"V97120,R_S,FR253"	: 	: 	5.35	6.72	5.38	5.98	6.95	: 	: 	: 
"V97120,R_S,FR26"	: 	: 	5.37	5.64	5.4	5.91	6.83	: 	: 	: 
"V97120,R_S,FR261"	: 	: 	5.15	5.65	5.35	5.52	6.51	: 	: 	: 
"V97120,R_S,FR262"	: 	: 	4.11	5.94	5.47	6.81	6.19	: 	: 	: 
"V97120,R_S,FR263"	: 	: 	5.83	5.69	5.06	5.89	7.82	: 	: 	: 
"V97120,R_S,FR264"	: 	: 	5.74	5.38	5.97	6.09	6.21	: 	: 	: 
"V97120,R_S,FR3"	: 	: 	6.2	7.11	6.18	6.25	6.61	: 	: 	: 
"V97120,R_S,FR30"	: 	: 	6.2	7.11	6.18	6.25	6.61	: 	: 	: 
"V97120,R_S,FR301"	: 	: 	6.36	7.24	6.35	6.3	6.55	: 	: 	: 
"V97120,R_S,FR302"	: 	: 	5.92	6.88	5.88	6.16	6.72	: 	: 	: 
"V97120,R_S,FR4"	: 	: 	5.91	7.11	6.71	6.54	7.39	: 	: 	: 
"V97120,R_S,FR41"	: 	: 	6.3	7.6	6.69	6.74	7.65	: 	: 	: 
"V97120,R_S,FR411"	: 	: 	6.52	8.03	5.92	6.39	: c	: 	: 	: 
"V97120,R_S,FR412"	: 	: 	6.01	8.27	6.51	9.1	: c	: 	: 	: 
"V97120,R_S,FR413"	: 	: 	6.25	7.45	7.27	6.84	7.74	: 	: 	: 
"V97120,R_S,FR414"	: 	: 	6.15	7.03	6.44	6.1	: c	: 	: 	: 
"V97120,R_S,FR42"	: 	: 	5.25	6.7	6.73	6.39	6.85	: 	: 	: 
"V97120,R_S,FR421"	: 	: 	5.53	6.84	7.06	6.3	6.69	: 	: 	: 
"V97120,R_S,FR422"	: 	: 	4.86	6.5	6.26	6.52	7.07	: 	: 	: 
"V97120,R_S,FR43"	: 	: 	6.39	6.92	6.73	6.46	7.86	: 	: 	: 
"V97120,R_S,FR431"	: 	: 	6.55	7.07	6.6	5.93	8.05	: 	: 	: 
"V97120,R_S,FR432"	: 	: 	6.44	6.65	5.92	6.99	8.21	: 	: 	: 
"V97120,R_S,FR433"	: 	: 	5.9	6.67	7.13	6.46	6.97	: 	: 	: 
"V97120,R_S,FR434"	: 	: 	6.37	7.25	8.28	7.78	7.59	: 	: 	: 
"V97120,R_S,FR5"	: 	: 	5.74	6.52	5.63	5.48	5.99	: 	: 	: 
"V97120,R_S,FR51"	: 	: 	5.75	6.66	5.5	5.63	6	: 	: 	: 
"V97120,R_S,FR511"	: 	: 	6.1	6.99	5.92	5.8	6.18	: 	: 	: 
"V97120,R_S,FR512"	: 	: 	6.32	6.65	4.59	5.84	6.13	: 	: 	: 
"V97120,R_S,FR513"	: 	: 	4.24	6.8	4.97	4.96	4.86	: 	: 	: 
"V97120,R_S,FR514"	: 	: 	4.97	5.56	4.97	5.17	5.83	: 	: 	: 
"V97120,R_S,FR515"	: 	: 	5.64	6.78	6.24	5.7	6.12	: 	: 	: 
"V97120,R_S,FR52"	: 	: 	5.86	6.36	5.43	5.16	5.67	: 	: 	: 
"V97120,R_S,FR521"	: 	: 	5.13	5.94	4.74	5.01	4.81	: 	: 	: 
"V97120,R_S,FR522"	: 	: 	5.78	5.95	5	4.34	5.11	: 	: 	: 
"V97120,R_S,FR523"	: 	: 	6.44	7.37	6.32	5.33	6.02	: 	: 	: 
"V97120,R_S,FR524"	: 	: 	5.8	5.9	5.34	6.01	6.6	: 	: 	: 
"V97120,R_S,FR53"	: 	: 	5.53	6.55	6.19	5.75	6.51	: 	: 	: 
"V97120,R_S,FR531"	: 	: 	5.57	6.83	6.08	5.74	7.44	: 	: 	: 
"V97120,R_S,FR532"	: 	: 	6.63	7.73	7.52	7.25	7.69	: 	: 	: 
"V97120,R_S,FR533"	: 	: 	4.05	4.74	3.92	: c	4.62	: 	: 	: 
"V97120,R_S,FR534"	: 	: 	4.99	5.95	6.11	: c	5.76	: 	: 	: 
"V97120,R_S,FR6"	: 	: 	6.7	7.5	6.87	7.11	7.32	: 	: 	: 
"V97120,R_S,FR61"	: 	: 	6.88	8.04	7.2	7.14	7.67	: 	: 	: 
"V97120,R_S,FR611"	: 	: 	6.14	7.54	5.77	6.96	6.86	: 	: 	: 
"V97120,R_S,FR612"	: 	: 	7.83	9.34	8.53	8.08	8.71	: 	: 	: 
"V97120,R_S,FR613"	: 	: 	6.2	7.81	6.3	7.18	8.08	: 	: 	: 
"V97120,R_S,FR614"	: 	: 	4.73	6.39	6.17	6.89	7.37	: 	: 	: 
"V97120,R_S,FR615"	: 	: 	6.59	6.41	6.21	5.44	5.99	: 	: 	: 
"V97120,R_S,FR62"	: 	: 	6.67	6.75	6.51	7.28	7.37	: 	: 	: 
"V97120,R_S,FR621"	: 	: 	6.17	6.67	6.24	8.76	: c	: 	: 	: 
"V97120,R_S,FR622"	: 	: 	5.83	5.92	7.09	8.32	6.94	: 	: 	: 
"V97120,R_S,FR623"	: 	: 	6.86	6.7	6.36	6.83	7.04	: 	: 	: 
"V97120,R_S,FR624"	: 	: 	6.26	6.82	5.66	: c	: c	: 	: 	: 
"V97120,R_S,FR625"	: 	: 	5.91	6.18	5.69	7.14	9.03	: 	: 	: 
"V97120,R_S,FR626"	: 	: 	5.73	5.66	5.3	: c	7.16	: 	: 	: 
"V97120,R_S,FR627"	: 	: 	7.85	8	6.87	7.09	7.59	: 	: 	: 
"V97120,R_S,FR628"	: 	: 	6.81	7.57	9.05	: c	8.72	: 	: 	: 
"V97120,R_S,FR63"	: 	: 	5.75	7.85	6.64	6.07	5.39	: 	: 	: 
"V97120,R_S,FR631"	: 	: 	6.52	7.29	6.63	: c	6.42	: 	: 	: 
"V97120,R_S,FR632"	: 	: 	5.47	7.62	6.14	: c	: c	: 	: 	: 
"V97120,R_S,FR633"	: 	: 	5.33	8.27	6.78	5.92	: c	: 	: 	: 
"V97120,R_S,FR7"	: 	: 	6.5	7.29	6.21	6.91	7.62	: 	: 	: 
"V97120,R_S,FR71"	: 	: 	6.65	7.32	6.38	7.05	7.83	: 	: 	: 
"V97120,R_S,FR711"	: 	: 	6.99	8.08	6.77	7.11	7.42	: 	: 	: 
"V97120,R_S,FR712"	: 	: 	7.21	8.35	7	8.21	9.04	: 	: 	: 
"V97120,R_S,FR713"	: 	: 	7.73	7.7	6.62	7.59	7.74	: 	: 	: 
"V97120,R_S,FR714"	: 	: 	6.81	8.26	6.9	7.69	8.71	: 	: 	: 
"V97120,R_S,FR715"	: 	: 	5.91	6.58	6.21	6.82	7.19	: 	: 	: 
"V97120,R_S,FR716"	: 	: 	6.26	6.65	6.1	6.46	7.46	: 	: 	: 
"V97120,R_S,FR717"	: 	: 	6.94	6.88	5.15	5.74	6.11	: 	: 	: 
"V97120,R_S,FR718"	: 	: 	6.65	7.39	6.67	7.88	9.13	: 	: 	: 
"V97120,R_S,FR72"	: 	: 	5.69	7.16	5.31	6.16	6.46	: 	: 	: 
"V97120,R_S,FR721"	: 	: 	4.98	6.31	5.18	6.03	6.74	: 	: 	: 
"V97120,R_S,FR722"	: 	: 	4.83	4.56	4.06	: c	: c	: 	: 	: 
"V97120,R_S,FR723"	: 	: 	5.68	7.87	5.35	: c	: c	: 	: 	: 
"V97120,R_S,FR724"	: 	: 	6.25	7.95	5.64	6.72	6.41	: 	: 	: 
"V97120,R_S,FR8"	: 	: 	7.07	7.35	6.84	7.49	8.25	: 	: 	: 
"V97120,R_S,FR81"	: 	: 	6.98	7.38	7.25	7.37	8.69	: 	: 	: 
"V97120,R_S,FR811"	: 	: 	6.86	6.81	7.4	: c	9.59	: 	: 	: 
"V97120,R_S,FR812"	: 	: 	7.01	7.97	7.5	7.18	9.39	: 	: 	: 
"V97120,R_S,FR813"	: 	: 	6.92	7.22	6.81	7.53	8.5	: 	: 	: 
"V97120,R_S,FR814"	: 	: 	5.55	8.2	7.23	: c	7.55	: 	: 	: 
"V97120,R_S,FR815"	: 	: 	7.31	7.29	7.9	6.64	7.8	: 	: 	: 
"V97120,R_S,FR82"	: 	: 	7.07	7.33	6.66	7.63	8.16	: 	: 	: 
"V97120,R_S,FR821"	: 	: 	7.71	7.38	5.41	8.26	8.37	: 	: 	: 
"V97120,R_S,FR822"	: 	: 	6.32	6.76	5.89	6.42	7.49	: 	: 	: 
"V97120,R_S,FR823"	: 	: 	6.77	6.59	6.15	7.33	7.73	: 	: 	: 
"V97120,R_S,FR824"	: 	: 	7	7.18	6.88	7.37	7.64	: 	: 	: 
"V97120,R_S,FR825"	: 	: 	7.46	8.25	6.84	8.12	9.32	: 	: 	: 
"V97120,R_S,FR826"	: 	: 	7.33	8.04	7.55	8.57	8.97	: 	: 	: 
"V97120,R_S,FR83"	: 	: 	7.78	7.41	6.47	6.26	6.4	: 	: 	: 
"V97120,R_S,FR831"	: 	: 	8.31	6.66	6.09	7.06	7.08	: 	: 	: 
"V97120,R_S,FR832"	: 	: 	7.3	8.07	6.81	5.58	5.8	: 	: 	: 
"V97120,R_S,FRA"	: 	: 	7.26	8.03	9.29	10.59	8.48	: 	: 	: 
"V97120,R_S,FRA1"	: 	: 	6.23	7.44	8.49	12.16	8.84	: 	: 	: 
"V97120,R_S,FRA10"	: 	: 	6.23	7.44	8.49	12.16	8.84	: 	: 	: 
"V97120,R_S,FRA2"	: 	: 	7.72	6.97	8.3	9.78	7.55	: 	: 	: 
"V97120,R_S,FRA20"	: 	: 	7.72	6.97	8.3	9.78	7.55	: 	: 	: 
"V97120,R_S,FRA3"	: 	: 	5.06	10	9.07	10.28	9.54	: 	: 	: 
"V97120,R_S,FRA30"	: 	: 	5.06	10	9.07	10.28	9.54	: 	: 	: 
"V97120,R_S,FRA4"	: 	: 	7.9	8.48	10.34	10.06	8.2	: 	: 	: 
"V97120,R_S,FRA40"	: 	: 	7.9	8.48	10.34	10.06	8.2	: 	: 	: 
"V97120,R_S,FRA5"	: 	: 	10.89	14.46	14.54	11.54	20.48	: 	: 	: 
"V97120,R_S,FRA50"	: 	: 	10.89	14.46	14.54	11.54	20.48	: 	: 	: 
"V97120,R_S,FRB"	6	6.07	6.06	7.66	: 	: 	: 	: 	: 	: 
"V97120,R_S,FRB0"	6	6.07	6.06	7.66	: 	: 	: 	: 	: 	: 
"V97120,R_S,FRB01"	7	5.49	7.23	7.72	: 	: 	: 	: 	: 	: 
"V97120,R_S,FRB02"	6	6.95	5.97	7.85	: 	: 	: 	: 	: 	: 
"V97120,R_S,FRB03"	6	4.93	5.83	6.66	: 	: 	: 	: 	: 	: 
"V97120,R_S,FRB04"	7	6.52	6.54	7.58	: 	: 	: 	: 	: 	: 
"V97120,R_S,FRB05"	5	4.75	4.46	5.7	: 	: 	: 	: 	: 	: 
"V97120,R_S,FRB06"	6	6.48	6.19	9.04	: 	: 	: 	: 	: 	: 
"V97120,R_S,FRC"	6	5.79	5.77	6.15	: 	: 	: 	: 	: 	: 
"V97120,R_S,FRC1"	5	5.48	5.37	5.64	: 	: 	: 	: 	: 	: 
"V97120,R_S,FRC11"	6	5.4	5.15	5.65	: 	: 	: 	: 	: 	: 
"V97120,R_S,FRC12"	5	5.4	4.11	5.94	: 	: 	: 	: 	: 	: 
"V97120,R_S,FRC13"	5	5.74	5.83	5.69	: 	: 	: 	: 	: 	: 
"V97120,R_S,FRC14"	6	5.27	5.74	5.38	: 	: 	: 	: 	: 	: 
"V97120,R_S,FRC2"	6	6.28	6.39	6.92	: 	: 	: 	: 	: 	: 
"V97120,R_S,FRC21"	6	6.6	6.55	7.07	: 	: 	: 	: 	: 	: 
"V97120,R_S,FRC22"	7	6.66	6.44	6.65	: 	: 	: 	: 	: 	: 
"V97120,R_S,FRC23"	5	5.19	5.9	6.67	: 	: 	: 	: 	: 	: 
"V97120,R_S,FRC24"	6	5.77	6.37	7.25	: 	: 	: 	: 	: 	: 
"V97120,R_S,FRD"	5	5.21	5.32	5.9	: 	: 	: 	: 	: 	: 
"V97120,R_S,FRD1"	5	5.01	4.72	5.37	: 	: 	: 	: 	: 	: 
"V97120,R_S,FRD11"	5	5.03	4.46	4.91	: 	: 	: 	: 	: 	: 
"V97120,R_S,FRD12"	5	5.41	4.9	5.56	: 	: 	: 	: 	: 	: 
"V97120,R_S,FRD13"	4	4.22	5.35	6.72	: 	: 	: 	: 	: 	: 
"V97120,R_S,FRD2"	6	5.41	5.91	6.4	: 	: 	: 	: 	: 	: 
"V97120,R_S,FRD21"	6	6.95	6.76	8.38	: 	: 	: 	: 	: 	: 
"V97120,R_S,FRD22"	5	4.77	5.56	5.54	: 	: 	: 	: 	: 	: 
"V97120,R_S,FRE"	6	5.8	6.24	7.01	: 	: 	: 	: 	: 	: 
"V97120,R_S,FRE1"	6	5.81	6.2	7.11	: 	: 	: 	: 	: 	: 
"V97120,R_S,FRE11"	6	6.15	6.36	7.24	: 	: 	: 	: 	: 	: 
"V97120,R_S,FRE12"	6	5.2	5.92	6.88	: 	: 	: 	: 	: 	: 
"V97120,R_S,FRE2"	6	5.77	6.32	6.82	: 	: 	: 	: 	: 	: 
"V97120,R_S,FRE21"	7	5.76	6.94	8.32	: 	: 	: 	: 	: 	: 
"V97120,R_S,FRE22"	6	5.68	6.17	6.23	: 	: 	: 	: 	: 	: 
"V97120,R_S,FRE23"	5	5.93	6.06	6.55	: 	: 	: 	: 	: 	: 
"V97120,R_S,FRF"	6	6.8	5.75	7.22	: 	: 	: 	: 	: 	: 
"V97120,R_S,FRF1"	6	5.54	5.25	6.7	: 	: 	: 	: 	: 	: 
"V97120,R_S,FRF11"	6	5.47	5.53	6.84	: 	: 	: 	: 	: 	: 
"V97120,R_S,FRF12"	6	5.65	4.86	6.5	: 	: 	: 	: 	: 	: 
"V97120,R_S,FRF2"	6	5.55	5.64	7.4	: 	: 	: 	: 	: 	: 
"V97120,R_S,FRF21"	7	7.18	6.19	8.82	: 	: 	: 	: 	: 	: 
"V97120,R_S,FRF22"	5	4.48	5.72	6.92	: 	: 	: 	: 	: 	: 
"V97120,R_S,FRF23"	6	5.19	5.65	6.89	: 	: 	: 	: 	: 	: 
"V97120,R_S,FRF24"	6	6.75	4.56	8.16	: 	: 	: 	: 	: 	: 
"V97120,R_S,FRF3"	6	8.73	6.3	7.6	: 	: 	: 	: 	: 	: 
"V97120,R_S,FRF31"	6	15.19	6.52	8.03	: 	: 	: 	: 	: 	: 
"V97120,R_S,FRF32"	7	5.74	6.01	8.27	: 	: 	: 	: 	: 	: 
"V97120,R_S,FRF33"	6	6.01	6.25	7.45	: 	: 	: 	: 	: 	: 
"V97120,R_S,FRF34"	5	6.11	6.15	7.03	: 	: 	: 	: 	: 	: 
"V97120,R_S,FRG"	6	5.88	5.75	6.66	: 	: 	: 	: 	: 	: 
"V97120,R_S,FRG0"	6	5.88	5.75	6.66	: 	: 	: 	: 	: 	: 
"V97120,R_S,FRG01"	6	6.87	6.1	6.99	: 	: 	: 	: 	: 	: 
"V97120,R_S,FRG02"	6	6.03	6.32	6.65	: 	: 	: 	: 	: 	: 
"V97120,R_S,FRG03"	6	4.61	4.24	6.8	: 	: 	: 	: 	: 	: 
"V97120,R_S,FRG04"	5	4.86	4.97	5.56	: 	: 	: 	: 	: 	: 
"V97120,R_S,FRG05"	5	5.03	5.64	6.78	: 	: 	: 	: 	: 	: 
"V97120,R_S,FRH"	5	5.37	5.86	6.36	: 	: 	: 	: 	: 	: 
"V97120,R_S,FRH0"	5	5.37	5.86	6.36	: 	: 	: 	: 	: 	: 
"V97120,R_S,FRH01"	5	4.42	5.13	5.94	: 	: 	: 	: 	: 	: 
"V97120,R_S,FRH02"	5	5.55	5.78	5.95	: 	: 	: 	: 	: 	: 
"V97120,R_S,FRH03"	5	5.5	6.44	7.37	: 	: 	: 	: 	: 	: 
"V97120,R_S,FRH04"	6	5.75	5.8	5.9	: 	: 	: 	: 	: 	: 
"V97120,R_S,FRI"	7	6.37	6.36	7.56	: 	: 	: 	: 	: 	: 
"V97120,R_S,FRI1"	7	6.83	6.88	8.04	: 	: 	: 	: 	: 	: 
"V97120,R_S,FRI11"	5	6.15	6.14	7.54	: 	: 	: 	: 	: 	: 
"V97120,R_S,FRI12"	8	8.17	7.83	9.34	: 	: 	: 	: 	: 	: 
"V97120,R_S,FRI13"	6	5.82	6.2	7.81	: 	: 	: 	: 	: 	: 
"V97120,R_S,FRI14"	6	5.47	4.73	6.39	: 	: 	: 	: 	: 	: 
"V97120,R_S,FRI15"	7	5.5	6.59	6.41	: 	: 	: 	: 	: 	: 
"V97120,R_S,FRI2"	7	5.72	5.75	7.85	: 	: 	: 	: 	: 	: 
"V97120,R_S,FRI21"	7	5.83	6.52	7.29	: 	: 	: 	: 	: 	: 
"V97120,R_S,FRI22"	7	6.22	5.47	7.62	: 	: 	: 	: 	: 	: 
"V97120,R_S,FRI23"	7	5.51	5.33	8.27	: 	: 	: 	: 	: 	: 
"V97120,R_S,FRI3"	5	5.67	5.53	6.55	: 	: 	: 	: 	: 	: 
"V97120,R_S,FRI31"	6	7.31	5.57	6.83	: 	: 	: 	: 	: 	: 
"V97120,R_S,FRI32"	6	6.29	6.63	7.73	: 	: 	: 	: 	: 	: 
"V97120,R_S,FRI33"	4	3.57	4.05	4.74	: 	: 	: 	: 	: 	: 
"V97120,R_S,FRI34"	5	5.29	4.99	5.95	: 	: 	: 	: 	: 	: 
"V97120,R_S,FRJ"	8	6.76	6.83	7.08	: 	: 	: 	: 	: 	: 
"V97120,R_S,FRJ1"	7	6.8	6.98	7.38	: 	: 	: 	: 	: 	: 
"V97120,R_S,FRJ11"	7	6.7	6.86	6.81	: 	: 	: 	: 	: 	: 
"V97120,R_S,FRJ12"	7	7.33	7.01	7.97	: 	: 	: 	: 	: 	: 
"V97120,R_S,FRJ13"	8	6.89	6.92	7.22	: 	: 	: 	: 	: 	: 
"V97120,R_S,FRJ14"	6	5.96	5.55	8.2	: 	: 	: 	: 	: 	: 
"V97120,R_S,FRJ15"	7	6.03	7.31	7.29	: 	: 	: 	: 	: 	: 
"V97120,R_S,FRJ2"	8	6.72	6.67	6.75	: 	: 	: 	: 	: 	: 
"V97120,R_S,FRJ21"	7	7.76	6.17	6.67	: 	: 	: 	: 	: 	: 
"V97120,R_S,FRJ22"	6	4.96	5.83	5.92	: 	: 	: 	: 	: 	: 
"V97120,R_S,FRJ23"	9	6.72	6.86	6.7	: 	: 	: 	: 	: 	: 
"V97120,R_S,FRJ24"	7	6.84	6.26	6.82	: 	: 	: 	: 	: 	: 
"V97120,R_S,FRJ25"	6	5.9	5.91	6.18	: 	: 	: 	: 	: 	: 
"V97120,R_S,FRJ26"	7	8.31	5.73	5.66	: 	: 	: 	: 	: 	: 
"V97120,R_S,FRJ27"	7	6.44	7.85	8	: 	: 	: 	: 	: 	: 
"V97120,R_S,FRJ28"	7	7.18	6.81	7.57	: 	: 	: 	: 	: 	: 
"V97120,R_S,FRK"	7	6.46	6.5	7.29	: 	: 	: 	: 	: 	: 
"V97120,R_S,FRK1"	7	5.4	5.69	7.16	: 	: 	: 	: 	: 	: 
"V97120,R_S,FRK11"	5	4.91	4.98	6.31	: 	: 	: 	: 	: 	: 
"V97120,R_S,FRK12"	5	3.86	4.83	4.56	: 	: 	: 	: 	: 	: 
"V97120,R_S,FRK13"	7	5.11	5.68	7.87	: 	: 	: 	: 	: 	: 
"V97120,R_S,FRK14"	8	6.04	6.25	7.95	: 	: 	: 	: 	: 	: 
"V97120,R_S,FRK2"	7	6.65	6.65	7.32	: 	: 	: 	: 	: 	: 
"V97120,R_S,FRK21"	6	6.76	6.99	8.08	: 	: 	: 	: 	: 	: 
"V97120,R_S,FRK22"	8	6.84	7.21	8.35	: 	: 	: 	: 	: 	: 
"V97120,R_S,FRK23"	8	6.89	7.73	7.7	: 	: 	: 	: 	: 	: 
"V97120,R_S,FRK24"	7	6.95	6.81	8.26	: 	: 	: 	: 	: 	: 
"V97120,R_S,FRK25"	6	6.38	5.91	6.58	: 	: 	: 	: 	: 	: 
"V97120,R_S,FRK26"	6	6.5	6.26	6.65	: 	: 	: 	: 	: 	: 
"V97120,R_S,FRK27"	7	6.04	6.94	6.88	: 	: 	: 	: 	: 	: 
"V97120,R_S,FRK28"	7	6.94	6.65	7.39	: 	: 	: 	: 	: 	: 
"V97120,R_S,FRL"	7	6.59	7.07	7.33	: 	: 	: 	: 	: 	: 
"V97120,R_S,FRL0"	7	6.59	7.07	7.33	: 	: 	: 	: 	: 	: 
"V97120,R_S,FRL01"	7	5.55	7.71	7.38	: 	: 	: 	: 	: 	: 
"V97120,R_S,FRL02"	7	7.26	6.32	6.76	: 	: 	: 	: 	: 	: 
"V97120,R_S,FRL03"	7	6.01	6.77	6.59	: 	: 	: 	: 	: 	: 
"V97120,R_S,FRL04"	7	6.9	7	7.18	: 	: 	: 	: 	: 	: 
"V97120,R_S,FRL05"	7	6.85	7.46	8.25	: 	: 	: 	: 	: 	: 
"V97120,R_S,FRL06"	7	6.66	7.33	8.04	: 	: 	: 	: 	: 	: 
"V97120,R_S,FRM"	6	7.53	7.78	7.41	: 	: 	: 	: 	: 	: 
"V97120,R_S,FRM0"	6	7.53	7.78	7.41	: 	: 	: 	: 	: 	: 
"V97120,R_S,FRM01"	6	7.26	8.31	6.66	: 	: 	: 	: 	: 	: 
"V97120,R_S,FRM02"	6	7.75	7.3	8.07	: 	: 	: 	: 	: 	: 
"V97120,R_S,FRY"	6	6.88	7.26	8.03	: 	: 	: 	: 	: 	: 
"V97120,R_S,FRY1"	6	6.66	6.23	7.44	: 	: 	: 	: 	: 	: 
"V97120,R_S,FRY10"	6	6.66	6.23	7.44	: 	: 	: 	: 	: 	: 
"V97120,R_S,FRY2"	5	6	7.72	6.97	: 	: 	: 	: 	: 	: 
"V97120,R_S,FRY20"	5	6	7.72	6.97	: 	: 	: 	: 	: 	: 
"V97120,R_S,FRY3"	4	5.17	5.06	10	: 	: 	: 	: 	: 	: 
"V97120,R_S,FRY30"	4	5.17	5.06	10	: 	: 	: 	: 	: 	: 
"V97120,R_S,FRY4"	7	7.77	7.9	8.48	: 	: 	: 	: 	: 	: 
"V97120,R_S,FRY40"	7	7.77	7.9	8.48	: 	: 	: 	: 	: 	: 
"V97120,R_S,FRY5"	12	9.33	10.89	14.46	: 	: 	: 	: 	: 	: 
"V97120,R_S,FRY50"	12	9.33	10.89	14.46	: 	: 	: 	: 	: 	: 
"V97120,R_S,HR"	4.97	5.61	4.98	4.06	4.93	5.5	5.24	: 	: 	: 
"V97120,R_S,HR0"	4.97	5.61	4.98	4.06	4.93	5.5	5.24	: 	: 	: 
"V97120,R_S,HR03"	5.1	4.63	5.1	3.45	4.26	6.12	6.27	: 	: 	: 
"V97120,R_S,HR031"	4.62	4.52	5.7	2.78	5.42	5.26	5.64	: 	: 	: 
"V97120,R_S,HR032"	9.15	13.18	4.17	: c	: c	: c	: c	: 	: 	: 
"V97120,R_S,HR033"	4.58	4	6.2	3.78	2.46	6.3	4.68	: 	: 	: 
"V97120,R_S,HR034"	4.34	3.86	3.84	: c	: c	: c	: c	: 	: 	: 
"V97120,R_S,HR035"	5.38	4.34	5.22	3.9	4.02	7.32	7.71	: 	: 	: 
"V97120,R_S,HR036"	4.8	4.37	4.13	4.33	4.26	6.2	7.1	: 	: 	: 
"V97120,R_S,HR037"	7.05	7.32	5.06	2.8	5.26	6.76	5.73	: 	: 	: 
"V97120,R_S,HR04"	4.89	6.18	4.91	4.38	5.27	5.2	4.72	: 	: 	: 
"V97120,R_S,HR041"	4.18	5.55	4.48	3.35	5.08	4.16	3.93	: 	: 	: 
"V97120,R_S,HR042"	8.04	8.23	5.62	6.34	6.99	7.86	7.37	: 	: 	: 
"V97120,R_S,HR043"	2.71	4.42	7.21	5	2.09	4.62	5.61	: 	: 	: 
"V97120,R_S,HR044"	5.48	7.58	3.61	4.84	6.22	5.65	4.18	: 	: 	: 
"V97120,R_S,HR045"	3.39	4.37	3.72	7.53	: c	5.79	2.95	: 	: 	: 
"V97120,R_S,HR046"	8.24	8.69	8.39	7.46	14.29	5.54	4.24	: 	: 	: 
"V97120,R_S,HR047"	4.01	8.26	5.06	3.6	8.4	4.64	1.8	: 	: 	: 
"V97120,R_S,HR048"	5.83	4.07	13.07	: c	2.05	: c	9.84	: 	: 	: 
"V97120,R_S,HR049"	9.96	9.74	4.04	11.6	8.02	: c	9.64	: 	: 	: 
"V97120,R_S,HR04A"	5.44	8.04	4.38	5.9	: c	7.27	8.68	: 	: 	: 
"V97120,R_S,HR04B"	7.12	8.33	6.1	8.7	5.84	9.27	6.78	: 	: 	: 
"V97120,R_S,HR04C"	6.12	8.38	6.07	: c	3.06	: c	8.39	: 	: 	: 
"V97120,R_S,HR04D"	3.1	5.41	7.09	5.9	: c	11.17	4.62	: 	: 	: 
"V97120,R_S,HR04E"	5.21	5.51	4.24	3.59	2.25	4.86	5.11	: 	: 	: 
"V97120,R_S,HU"	14.07	13.09	12.5	12.03	10.07	8.27	7.86	: 	: 	: 
"V97120,R_S,HU1"	13.63	12.65	12.03	11.27	10	6.78	7.71	: 	: 	: 
"V97120,R_S,HU10"	: 	: 	12.03	11.27	10	6.78	7.71	: 	: 	: 
"V97120,R_S,HU101"	: 	: 	10.92	10.38	9.44	6.26	7.21	: 	: 	: 
"V97120,R_S,HU102"	: 	: 	15.04	13.65	11.46	8.37	9.16	: 	: 	: 
"V97120,R_S,HU11"	12.59	11.43	10.92	10.38	: 	: 	: 	: 	: 	: 
"V97120,R_S,HU110"	12.59	11.43	10.92	10.38	: 	: 	: 	: 	: 	: 
"V97120,R_S,HU12"	16.19	15.81	15.04	13.65	: 	: 	: 	: 	: 	: 
"V97120,R_S,HU120"	16.19	15.81	15.04	13.65	: 	: 	: 	: 	: 	: 
"V97120,R_S,HU2"	14.54	13.87	13.2	13.3	10.41	9.5	8.15	: 	: 	: 
"V97120,R_S,HU21"	15.27	15.14	13.84	14.95	12	8.28	9.47	: 	: 	: 
"V97120,R_S,HU211"	16.38	15.36	13.03	15.82	12.13	7.95	8.39	: 	: 	: 
"V97120,R_S,HU212"	14.82	16.16	14.66	14.18	10.1	8.24	11.16	: 	: 	: 
"V97120,R_S,HU213"	14.28	14.09	14.11	14.53	13.33	8.67	9.35	: 	: 	: 
"V97120,R_S,HU22"	14.8	13.76	12.35	12.81	9.8	8.07	7.15	: 	: 	: 
"V97120,R_S,HU221"	15.13	15.24	13.98	13.48	9.98	8.05	7.41	: 	: 	: 
"V97120,R_S,HU222"	15.81	13.04	11.54	11.47	9.48	8.69	6.27	: 	: 	: 
"V97120,R_S,HU223"	12.97	11.38	10	12.89	9.78	7.53	7.54	: 	: 	: 
"V97120,R_S,HU23"	13.19	12.48	13.69	12.09	9.55	12.75	8.09	: 	: 	: 
"V97120,R_S,HU231"	13.18	12.52	12.69	12.47	9.79	16.95	7.52	: 	: 	: 
"V97120,R_S,HU232"	12.2	12.58	14.95	10.03	9.19	8.43	9.07	: 	: 	: 
"V97120,R_S,HU233"	14.7	12.24	13.91	14.61	9.56	11.07	7.56	: 	: 	: 
"V97120,R_S,HU3"	14.31	13.01	12.57	12.02	9.87	9.56	7.8	: 	: 	: 
"V97120,R_S,HU31"	14.18	13.44	13.66	11.5	8.48	12.9	7.9	: 	: 	: 
"V97120,R_S,HU311"	12.99	12.57	13.35	9.91	7.24	16.7	8.86	: 	: 	: 
"V97120,R_S,HU312"	16.22	15.24	14.08	14.02	9.48	8.25	7.14	: 	: 	: 
"V97120,R_S,HU313"	15.44	13.78	14.2	14.07	12.84	8.38	6.1	: 	: 	: 
"V97120,R_S,HU32"	14.3	12.3	11.98	12.54	10.75	7.94	7.66	: 	: 	: 
"V97120,R_S,HU321"	15.42	12.03	10.57	12.77	9.29	7.43	6.62	: 	: 	: 
"V97120,R_S,HU322"	15.29	12.49	14.61	11.19	10.62	8.93	8.38	: 	: 	: 
"V97120,R_S,HU323"	12.11	12.51	11.88	13.31	12.91	7.87	8.44	: 	: 	: 
"V97120,R_S,HU33"	14.42	13.45	12.38	11.89	10.11	8.34	7.86	: 	: 	: 
"V97120,R_S,HU331"	16.52	13.87	13.14	12.41	10.83	7.69	7.88	: 	: 	: 
"V97120,R_S,HU332"	13.02	14.89	12.12	12.54	10.61	10.73	7.23	: 	: 	: 
"V97120,R_S,HU333"	13.26	12.11	11.81	11.01	9.11	7.44	8.22	: 	: 	: 
"V97120,R_S,IT"	3.95	4.09	4.15	3.91	4.03	3.96	3.84	: 	: 	: 
"V97120,R_S,ITC"	3.68	4.17	3.79	3.81	3.63	3.62	3.59	: 	: 	: 
"V97120,R_S,ITC1"	3.87	4.43	4.02	3.75	3.57	3.56	3.66	: 	: 	: 
"V97120,R_S,ITC11"	4.32	4.89	4.37	4.19	3.88	3.67	4.11	: 	: 	: 
"V97120,R_S,ITC12"	1.82	3.73	3.26	2.28	2.74	2.85	2.17	: 	: 	: 
"V97120,R_S,ITC13"	3.46	2.88	4.16	2.35	3.11	3.06	2.79	: 	: 	: 
"V97120,R_S,ITC14"	3.11	3.37	2.2	3.07	2.56	2.57	3.41	: 	: 	: 
"V97120,R_S,ITC15"	3.72	3.73	4.11	3.93	3.27	3.21	3.13	: 	: 	: 
"V97120,R_S,ITC16"	3.47	3.59	3.37	2.76	3.67	4.07	3.27	: 	: 	: 
"V97120,R_S,ITC17"	3.85	4.13	4.57	4.16	3.77	2.8	4.66	: 	: 	: 
"V97120,R_S,ITC18"	3.49	5.28	3.72	4.16	3.11	3.91	3.05	: 	: 	: 
"V97120,R_S,ITC2"	1.69	2.39	2.72	2.34	2.42	1.79	1.67	: 	: 	: 
"V97120,R_S,ITC20"	1.69	2.39	2.72	2.34	2.42	1.79	1.67	: 	: 	: 
"V97120,R_S,ITC3"	2.86	3.26	3.52	2.96	3.02	3.41	3.38	: 	: 	: 
"V97120,R_S,ITC31"	3.84	2.76	2.47	2.74	2.64	3.46	3.27	: 	: 	: 
"V97120,R_S,ITC32"	2.79	3.11	3.89	2.35	2.55	3.29	3.08	: 	: 	: 
"V97120,R_S,ITC33"	2.5	3.27	3.55	3.13	3.24	3.29	3.48	: 	: 	: 
"V97120,R_S,ITC34"	3.32	4.03	4.02	3.55	3.41	4.07	3.59	: 	: 	: 
"V97120,R_S,ITC4"	3.78	4.26	3.77	4	3.78	3.71	3.63	: 	: 	: 
"V97120,R_S,ITC41"	2.92	3.52	3.25	3.5	3.11	3.16	2.89	: 	: 	: 
"V97120,R_S,ITC42"	4.42	3.7	3.22	2.92	3.08	3.48	3.83	: 	: 	: 
"V97120,R_S,ITC43"	3.41	4.01	4.1	3.62	3.21	3.03	4.31	: 	: 	: 
"V97120,R_S,ITC44"	3.8	3.45	2.69	2.61	3.43	3.08	4.84	: 	: 	: 
"V97120,R_S,ITC46"	3.36	3.72	3.29	3.39	3.04	3.13	3.05	: 	: 	: 
"V97120,R_S,ITC47"	3.01	3.7	2.87	2.72	3.46	3.51	3.82	: 	: 	: 
"V97120,R_S,ITC48"	4.31	4.19	4.42	3.52	4.36	4.15	3.21	: 	: 	: 
"V97120,R_S,ITC49"	4.55	3.83	3.06	2.96	4.15	3.26	3.32	: 	: 	: 
"V97120,R_S,ITC4A"	2.3	3.9	3.2	3.56	3.48	4.12	2.72	: 	: 	: 
"V97120,R_S,ITC4B"	3.13	3.38	3.69	3.09	3.1	3.79	4.27	: 	: 	: 
"V97120,R_S,ITC4C"	4.31	4.74	4.27	5.02	4.05	4.02	3.94	: 	: 	: 
"V97120,R_S,ITC4D"	3.57	5.24	4.08	3.93	5.23	3.86	3.02	: 	: 	: 
"V97120,R_S,ITF"	4.79	4.76	5.29	4.76	5.08	4.97	4.89	: 	: 	: 
"V97120,R_S,ITF1"	4.42	4.24	4.01	4.23	4.14	4.18	5.69	: 	: 	: 
"V97120,R_S,ITF11"	4.85	4.76	3.79	4.49	5.03	4.56	10.05	: 	: 	: 
"V97120,R_S,ITF12"	4.68	5.61	3.85	4.32	4.24	4.11	4.84	: 	: 	: 
"V97120,R_S,ITF13"	4.4	3.27	4.11	4.66	4.23	4.41	4.84	: 	: 	: 
"V97120,R_S,ITF14"	3.9	3.65	4.18	3.58	3.43	3.77	4.58	: 	: 	: 
"V97120,R_S,ITF2"	4.66	3.93	4.62	5.49	3.91	5.21	4.91	: 	: 	: 
"V97120,R_S,ITF21"	2.9	5.91	6.25	5.25	4.53	5.12	5.16	: 	: 	: 
"V97120,R_S,ITF22"	5.35	3.14	4	5.58	3.69	5.25	4.82	: 	: 	: 
"V97120,R_S,ITF3"	5.23	5.13	6.39	5.45	5.37	5.32	4.9	: 	: 	: 
"V97120,R_S,ITF31"	6.19	6.39	5.83	6.8	7.47	7.08	6.76	: 	: 	: 
"V97120,R_S,ITF32"	5	5.28	7.08	5.52	5.26	5.18	5.36	: 	: 	: 
"V97120,R_S,ITF33"	5.29	5.08	5.74	5.42	5.34	5.05	4.61	: 	: 	: 
"V97120,R_S,ITF34"	4.58	4.46	3.92	4.58	4.72	4.83	4.06	: 	: 	: 
"V97120,R_S,ITF35"	4.78	4.69	8.88	5.01	4.47	5.15	4.73	: 	: 	: 
"V97120,R_S,ITF4"	4.29	4.18	4.56	4.02	4.79	4.7	4.17	: 	: 	: 
"V97120,R_S,ITF43"	4.01	4.45	5.38	4.08	4.74	4.33	3.81	: 	: 	: 
"V97120,R_S,ITF44"	4.86	5	4.21	4.38	4.21	4.72	5.62	: 	: 	: 
"V97120,R_S,ITF45"	4.6	4.13	4.7	3.82	5.23	5.56	4.08	: 	: 	: 
"V97120,R_S,ITF46"	4.78	3.71	4.78	4.11	5.34	4.91	3.96	: 	: 	: 
"V97120,R_S,ITF47"	4.06	3.95	4.38	4.15	4.55	4.17	4.19	: 	: 	: 
"V97120,R_S,ITF48"	3.58	4.64	3.97	3.5	4.56	4.88	3.63	: 	: 	: 
"V97120,R_S,ITF5"	4.63	4.47	4.83	5.28	5.8	4.69	5.92	: 	: 	: 
"V97120,R_S,ITF51"	4.51	4.81	5.12	5.33	5.56	4.09	5.64	: 	: 	: 
"V97120,R_S,ITF52"	4.82	3.91	4.35	5.18	6.23	5.71	6.44	: 	: 	: 
"V97120,R_S,ITF6"	4.99	5.82	5.03	4.67	5.99	5.54	5.5	: 	: 	: 
"V97120,R_S,ITF61"	5.21	6.88	4.8	4.08	5.29	5.12	5.26	: 	: 	: 
"V97120,R_S,ITF62"	7.38	5.99	7.28	4.73	7.83	6.43	4.6	: 	: 	: 
"V97120,R_S,ITF63"	4.36	3.89	4.65	4.64	4.6	4.82	4.96	: 	: 	: 
"V97120,R_S,ITF64"	4.27	7.27	5	5.43	7.92	6.15	7.26	: 	: 	: 
"V97120,R_S,ITF65"	4.78	5.35	5.18	5.41	7.33	6.41	6.1	: 	: 	: 
"V97120,R_S,ITG"	4.69	4.34	4.7	3.97	4.61	4.48	4.1	: 	: 	: 
"V97120,R_S,ITG1"	4.38	4.4	4.75	4.04	4.6	4.64	4.35	: 	: 	: 
"V97120,R_S,ITG11"	5.2	3.83	4.66	3.99	4.88	4.77	4.3	: 	: 	: 
"V97120,R_S,ITG12"	3.59	3.66	4.16	3.4	4.36	4.68	3.35	: 	: 	: 
"V97120,R_S,ITG13"	4.95	4.88	4.45	4.63	5.05	4.39	5.27	: 	: 	: 
"V97120,R_S,ITG14"	3.95	5.23	4.54	4.68	5.23	5.14	4.81	: 	: 	: 
"V97120,R_S,ITG15"	4.22	5.13	5.11	4.79	4.82	4.92	3.4	: 	: 	: 
"V97120,R_S,ITG16"	4.43	4.98	3.7	5.57	8	3.62	3.63	: 	: 	: 
"V97120,R_S,ITG17"	4.5	4.67	6.21	4.5	4.29	4.58	5.28	: 	: 	: 
"V97120,R_S,ITG18"	5.51	4.36	3.67	2.94	3.96	3.95	3.78	: 	: 	: 
"V97120,R_S,ITG19"	4.27	4.93	4.83	3.73	4.2	5.37	4.78	: 	: 	: 
"V97120,R_S,ITG2"	5.44	4.17	4.59	3.8	4.63	4.1	3.53	: 	: 	: 
"V97120,R_S,ITG25"	5.88	3.93	4.38	3.83	5.17	5.45	4.06	: 	: 	: 
"V97120,R_S,ITG26"	4.86	5.56	4.76	4.5	5.87	5.37	3.33	: 	: 	: 
"V97120,R_S,ITG27"	5.46	3.62	4.82	3.96	3.4	3.27	3.36	: 	: 	: 
"V97120,R_S,ITG28"	3.85	4.91	3.55	3.24	5.87	3.96	3.57	: 	: 	: 
"V97120,R_S,ITG29"	6.18	5.01	4.17	3.46	5.36	3.95	3.76	: 	: 	: 
"V97120,R_S,ITG2A"	8.1	4.89	4.21	3.69	4.98	3.27	3.31	: 	: 	: 
"V97120,R_S,ITG2B"	4.61	5.38	6.65	4.23	2.69	3.73	2.59	: 	: 	: 
"V97120,R_S,ITG2C"	4.42	3.2	4.69	3.17	6.99	4.21	3.1	: 	: 	: 
"V97120,R_S,ITH"	3.11	3.35	3.32	3.09	3.16	3.23	3.07	: 	: 	: 
"V97120,R_S,ITH1"	3.26	2.97	2.84	3.49	3.38	3	2.27	: 	: 	: 
"V97120,R_S,ITH10"	3.26	2.97	2.84	3.49	3.38	3	2.27	: 	: 	: 
"V97120,R_S,ITH2"	4.53	4.22	3.81	3.57	2.6	2.73	3.01	: 	: 	: 
"V97120,R_S,ITH20"	4.53	4.22	3.81	3.57	2.6	2.73	3.01	: 	: 	: 
"V97120,R_S,ITH3"	2.97	3.46	3.1	2.87	3.06	3.03	3.09	: 	: 	: 
"V97120,R_S,ITH31"	3.07	3.52	3.36	2.78	2.74	2.9	3.38	: 	: 	: 
"V97120,R_S,ITH32"	2.73	3.13	2.82	3.24	2.67	2.98	3.31	: 	: 	: 
"V97120,R_S,ITH33"	3.42	3.47	6.55	3.14	4.32	2.44	3.19	: 	: 	: 
"V97120,R_S,ITH34"	2.67	3.38	2.74	2.64	3.03	2.51	3.25	: 	: 	: 
"V97120,R_S,ITH35"	2.58	3	2.76	2.78	2.71	2.82	2.64	: 	: 	: 
"V97120,R_S,ITH36"	3.66	4.04	3.19	2.99	4.03	3.67	2.9	: 	: 	: 
"V97120,R_S,ITH37"	3.35	4.51	3.24	2.68	2.98	4.56	3.03	: 	: 	: 
"V97120,R_S,ITH4"	3.89	4.26	3.97	4.07	4.08	3.61	3.36	: 	: 	: 
"V97120,R_S,ITH41"	3.51	4.14	3.59	4.05	3.63	4.3	3.05	: 	: 	: 
"V97120,R_S,ITH42"	3.7	4.47	4.26	4.02	3.92	3.09	3.43	: 	: 	: 
"V97120,R_S,ITH43"	4.65	3.55	4.4	4.91	3.01	4.13	3.13	: 	: 	: 
"V97120,R_S,ITH44"	4.46	4.32	3.52	3.77	5.76	3.81	3.73	: 	: 	: 
"V97120,R_S,ITH5"	2.96	3.02	3.43	3.03	3.1	3.42	3.06	: 	: 	: 
"V97120,R_S,ITH51"	2.7	3.53	4.01	3.73	2.9	3.3	3.08	: 	: 	: 
"V97120,R_S,ITH52"	2.45	2.87	3.01	2.52	2.01	2.58	2.66	: 	: 	: 
"V97120,R_S,ITH53"	3.22	3.53	3.54	3.73	3.62	3.67	3.21	: 	: 	: 
"V97120,R_S,ITH54"	3.84	3.72	4.06	3.24	3.92	3.75	3.21	: 	: 	: 
"V97120,R_S,ITH55"	3.88	3.4	4.06	3.46	3.61	3.55	3.54	: 	: 	: 
"V97120,R_S,ITH56"	1.95	2.56	2.93	2.79	2.21	3.13	2.53	: 	: 	: 
"V97120,R_S,ITH57"	2.6	2.61	3.07	2.88	3	4.31	3.43	: 	: 	: 
"V97120,R_S,ITH58"	2.86	2.66	2.8	2.48	2.96	3.51	2.71	: 	: 	: 
"V97120,R_S,ITH59"	2.04	2.05	2.84	2.44	2.99	2.92	2.78	: 	: 	: 
"V97120,R_S,ITI"	4.22	4.09	4.38	4.15	4.44	4.17	4.05	: 	: 	: 
"V97120,R_S,ITI1"	3.31	3.58	3.85	3.43	3.62	3.51	3.67	: 	: 	: 
"V97120,R_S,ITI11"	4.27	3.06	3.68	2.6	4.63	3.33	3.72	: 	: 	: 
"V97120,R_S,ITI12"	3.07	3.13	2.94	2.75	2.58	2.37	2.5	: 	: 	: 
"V97120,R_S,ITI13"	3.47	4	4.99	4.48	4.15	4.81	5.01	: 	: 	: 
"V97120,R_S,ITI14"	3.33	3.28	4.07	3.54	3.24	3.69	3.7	: 	: 	: 
"V97120,R_S,ITI15"	3.13	4.09	4.34	3.87	4.04	3.38	3.54	: 	: 	: 
"V97120,R_S,ITI16"	4.11	3.64	3.77	3.46	5.67	2.8	3.11	: 	: 	: 
"V97120,R_S,ITI17"	3.12	4.04	3.78	3.86	3.61	4.36	3.48	: 	: 	: 
"V97120,R_S,ITI18"	3.09	4.13	3.9	3.72	3.97	4.57	4.35	: 	: 	: 
"V97120,R_S,ITI19"	3.56	3.49	3.69	3.2	2.72	2.06	3.13	: 	: 	: 
"V97120,R_S,ITI1A"	2.2	3.91	3.55	2.61	3.3	3.91	5.5	: 	: 	: 
"V97120,R_S,ITI2"	2.8	3.46	3.07	3.16	2.98	2.88	2.62	: 	: 	: 
"V97120,R_S,ITI21"	2.91	3.65	2.88	2.89	3.07	2.89	2.92	: 	: 	: 
"V97120,R_S,ITI22"	2.49	2.92	3.71	4.11	2.73	2.87	1.81	: 	: 	: 
"V97120,R_S,ITI3"	3.88	3.37	3.61	3.7	4.55	4.02	3.45	: 	: 	: 
"V97120,R_S,ITI31"	4.02	3.44	3.23	4.01	4.5	2.82	2.86	: 	: 	: 
"V97120,R_S,ITI32"	3.72	3.18	3.57	3.29	3.48	3.21	3.27	: 	: 	: 
"V97120,R_S,ITI33"	3.31	2.57	3.8	3.47	3.93	4.45	4.22	: 	: 	: 
"V97120,R_S,ITI34"	5.05	4.08	3.88	4.2	7.23	7.04	3.28	: 	: 	: 
"V97120,R_S,ITI35"	3.28	4.4	3.74	3.71	4.51	3.47	4.07	: 	: 	: 
"V97120,R_S,ITI4"	5.15	4.72	5.16	4.96	5.26	4.93	4.75	: 	: 	: 
"V97120,R_S,ITI41"	4.34	3.24	3.2	4.45	3.15	3.79	3.55	: 	: 	: 
"V97120,R_S,ITI42"	5.15	3.84	4.07	5.7	4.29	4.06	4.38	: 	: 	: 
"V97120,R_S,ITI43"	5.25	4.79	5.34	5.11	5.32	5.06	4.83	: 	: 	: 
"V97120,R_S,ITI44"	4.94	5.44	4.95	4.06	6.64	4.92	5.6	: 	: 	: 
"V97120,R_S,ITI45"	4.73	4.19	4.81	4.4	4.56	4.35	3.62	: 	: 	: 
"V97120,R_S,LT"	8.45	13.1	14.54	15.43	15.72	15.32	15.33	: 	: 	: 
"V97120,R_S,LT0"	8.45	13.1	14.54	15.43	15.72	15.32	15.33	: 	: 	: 
"V97120,R_S,LT00"	: 	: 	14.54	15.43	15.72	15.32	15.33	: 	: 	: 
"V97120,R_S,LT001"	: 	: 	12.49	1.34	2.77	5.72	1.57	: 	: 	: 
"V97120,R_S,LT002"	: 	: 	12.34	5.21	3.53	5.98	4.55	: 	: 	: 
"V97120,R_S,LT003"	: 	: 	16.88	3.65	5.14	6.61	7.18	: 	: 	: 
"V97120,R_S,LT004"	: 	: 	22.17	: c	5.45	4.42	: c	: 	: 	: 
"V97120,R_S,LT005"	: 	: 	17.83	5.29	6.99	4.11	4.82	: 	: 	: 
"V97120,R_S,LT006"	: 	: 	17.21	14.2	4.64	5.73	6.54	: 	: 	: 
"V97120,R_S,LT007"	: 	: 	17.88	: c	12.08	: c	3.25	: 	: 	: 
"V97120,R_S,LT008"	: 	: 	19.52	7.81	9.36	3.63	: c	: 	: 	: 
"V97120,R_S,LT009"	: 	: 	19.86	8.94	8.13	: c	9.83	: 	: 	: 
"V97120,R_S,LT00A"	: 	: 	13.04	18.64	19.63	19.05	19.75	: 	: 	: 
"V97120,R_S,LT01"	8.19	11.89	13.04	18.64	: 	: 	: 	: 	: 	: 
"V97120,R_S,LT011"	8.19	11.89	13.04	18.64	: 	: 	: 	: 	: 	: 
"V97120,R_S,LT02"	8.63	13.94	15.57	5.48	: 	: 	: 	: 	: 	: 
"V97120,R_S,LT021"	7.12	8.25	12.49	1.34	: 	: 	: 	: 	: 	: 
"V97120,R_S,LT022"	8.58	12.27	12.34	5.21	: 	: 	: 	: 	: 	: 
"V97120,R_S,LT023"	9.25	15.53	16.88	3.65	: 	: 	: 	: 	: 	: 
"V97120,R_S,LT024"	7.72	18.61	22.17	: c	: 	: 	: 	: 	: 	: 
"V97120,R_S,LT025"	8.37	14.32	17.83	5.29	: 	: 	: 	: 	: 	: 
"V97120,R_S,LT026"	9.09	15.79	17.21	14.2	: 	: 	: 	: 	: 	: 
"V97120,R_S,LT027"	8.02	17.59	17.88	: c	: 	: 	: 	: 	: 	: 
"V97120,R_S,LT028"	9.85	16.19	19.52	7.81	: 	: 	: 	: 	: 	: 
"V97120,R_S,LT029"	8.46	15.95	19.86	8.94	: 	: 	: 	: 	: 	: 
"V97120,R_S,LV"	9.11	: 	: 	: 	: 	: 	: 	: 	: 	: 
"V97120,R_S,LV0"	9.11	: 	: 	: 	: 	: 	: 	: 	: 	: 
"V97120,R_S,LV00"	9.11	: 	: 	: 	: 	: 	: 	: 	: 	: 
"V97120,R_S,LV003"	12.98	: 	: 	: 	: 	: 	: 	: 	: 	: 
"V97120,R_S,LV005"	11.1	: 	: 	: 	: 	: 	: 	: 	: 	: 
"V97120,R_S,LV006"	7.73	: 	: 	: 	: 	: 	: 	: 	: 	: 
"V97120,R_S,LV007"	8.79	: 	: 	: 	: 	: 	: 	: 	: 	: 
"V97120,R_S,LV008"	10.96	: 	: 	: 	: 	: 	: 	: 	: 	: 
"V97120,R_S,LV009"	11.51	: 	: 	: 	: 	: 	: 	: 	: 	: 
"V97120,R_S,PL"	9.3	9.47	: 	: 	: 	: 	: 	: 	: 	: 
"V97120,R_S,PL2"	8.85	9.21	: 	: 	: 	: 	: 	: 	: 	: 
"V97120,R_S,PL21"	9.41	9.95	: 	: 	: 	: 	: 	: 	: 	: 
"V97120,R_S,PL213"	9.22	11.14	: 	: 	: 	: 	: 	: 	: 	: 
"V97120,R_S,PL214"	10.72	9.75	: 	: 	: 	: 	: 	: 	: 	: 
"V97120,R_S,PL217"	8.01	10.46	: 	: 	: 	: 	: 	: 	: 	: 
"V97120,R_S,PL218"	11.24	8.67	: 	: 	: 	: 	: 	: 	: 	: 
"V97120,R_S,PL219"	7.5	8.89	: 	: 	: 	: 	: 	: 	: 	: 
"V97120,R_S,PL21A"	8.83	8.58	: 	: 	: 	: 	: 	: 	: 	: 
"V97120,R_S,PL22"	8.41	8.67	: 	: 	: 	: 	: 	: 	: 	: 
"V97120,R_S,PL224"	9.67	9.82	: 	: 	: 	: 	: 	: 	: 	: 
"V97120,R_S,PL225"	8.17	6.71	: 	: 	: 	: 	: 	: 	: 	: 
"V97120,R_S,PL227"	8.96	10.61	: 	: 	: 	: 	: 	: 	: 	: 
"V97120,R_S,PL228"	8.57	7.06	: 	: 	: 	: 	: 	: 	: 	: 
"V97120,R_S,PL229"	8.45	10.01	: 	: 	: 	: 	: 	: 	: 	: 
"V97120,R_S,PL22A"	6.94	8.2	: 	: 	: 	: 	: 	: 	: 	: 
"V97120,R_S,PL22B"	9.81	10.06	: 	: 	: 	: 	: 	: 	: 	: 
"V97120,R_S,PL22C"	8.34	8.48	: 	: 	: 	: 	: 	: 	: 	: 
"V97120,R_S,PL4"	10.09	10.63	: 	: 	: 	: 	: 	: 	: 	: 
"V97120,R_S,PL41"	9.66	10.56	: 	: 	: 	: 	: 	: 	: 	: 
"V97120,R_S,PL411"	10.71	8.43	: 	: 	: 	: 	: 	: 	: 	: 
"V97120,R_S,PL414"	11.07	12.43	: 	: 	: 	: 	: 	: 	: 	: 
"V97120,R_S,PL415"	8.32	9.59	: 	: 	: 	: 	: 	: 	: 	: 
"V97120,R_S,PL416"	11.06	11.14	: 	: 	: 	: 	: 	: 	: 	: 
"V97120,R_S,PL417"	9.86	9.3	: 	: 	: 	: 	: 	: 	: 	: 
"V97120,R_S,PL418"	8.72	12	: 	: 	: 	: 	: 	: 	: 	: 
"V97120,R_S,PL42"	10.63	11.16	: 	: 	: 	: 	: 	: 	: 	: 
"V97120,R_S,PL424"	11.5	12.26	: 	: 	: 	: 	: 	: 	: 	: 
"V97120,R_S,PL426"	10.83	8.76	: 	: 	: 	: 	: 	: 	: 	: 
"V97120,R_S,PL427"	11.26	11.53	: 	: 	: 	: 	: 	: 	: 	: 
"V97120,R_S,PL428"	9.16	11.73	: 	: 	: 	: 	: 	: 	: 	: 
"V97120,R_S,PL43"	10.8	9.96	: 	: 	: 	: 	: 	: 	: 	: 
"V97120,R_S,PL431"	11.52	9.67	: 	: 	: 	: 	: 	: 	: 	: 
"V97120,R_S,PL432"	10.28	10.15	: 	: 	: 	: 	: 	: 	: 	: 
"V97120,R_S,PL5"	9.66	9.07	: 	: 	: 	: 	: 	: 	: 	: 
"V97120,R_S,PL51"	9.84	9.34	: 	: 	: 	: 	: 	: 	: 	: 
"V97120,R_S,PL514"	9.06	9.6	: 	: 	: 	: 	: 	: 	: 	: 
"V97120,R_S,PL515"	11.41	9.56	: 	: 	: 	: 	: 	: 	: 	: 
"V97120,R_S,PL516"	11.61	9.45	: 	: 	: 	: 	: 	: 	: 	: 
"V97120,R_S,PL517"	10.4	8.95	: 	: 	: 	: 	: 	: 	: 	: 
"V97120,R_S,PL518"	8.26	8.97	: 	: 	: 	: 	: 	: 	: 	: 
"V97120,R_S,PL52"	8.93	8.07	: 	: 	: 	: 	: 	: 	: 	: 
"V97120,R_S,PL523"	9.66	10.62	: 	: 	: 	: 	: 	: 	: 	: 
"V97120,R_S,PL524"	8.57	6.84	: 	: 	: 	: 	: 	: 	: 	: 
"V97120,R_S,PL6"	8.4	9.59	: 	: 	: 	: 	: 	: 	: 	: 
"V97120,R_S,PL61"	8.79	8.49	: 	: 	: 	: 	: 	: 	: 	: 
"V97120,R_S,PL613"	7.85	7.15	: 	: 	: 	: 	: 	: 	: 	: 
"V97120,R_S,PL616"	10.64	10.28	: 	: 	: 	: 	: 	: 	: 	: 
"V97120,R_S,PL617"	9.58	9.86	: 	: 	: 	: 	: 	: 	: 	: 
"V97120,R_S,PL618"	11.16	11.26	: 	: 	: 	: 	: 	: 	: 	: 
"V97120,R_S,PL619"	9.25	10.43	: 	: 	: 	: 	: 	: 	: 	: 
"V97120,R_S,PL62"	13.17	10.19	: 	: 	: 	: 	: 	: 	: 	: 
"V97120,R_S,PL621"	17.91	9.92	: 	: 	: 	: 	: 	: 	: 	: 
"V97120,R_S,PL622"	9.9	9.99	: 	: 	: 	: 	: 	: 	: 	: 
"V97120,R_S,PL623"	12.98	11.41	: 	: 	: 	: 	: 	: 	: 	: 
"V97120,R_S,PL63"	6.75	10.25	: 	: 	: 	: 	: 	: 	: 	: 
"V97120,R_S,PL633"	4.43	10.86	: 	: 	: 	: 	: 	: 	: 	: 
"V97120,R_S,PL634"	9.94	9.58	: 	: 	: 	: 	: 	: 	: 	: 
"V97120,R_S,PL636"	11.33	11.33	: 	: 	: 	: 	: 	: 	: 	: 
"V97120,R_S,PL637"	10.23	7.83	: 	: 	: 	: 	: 	: 	: 	: 
"V97120,R_S,PL638"	10.76	10.05	: 	: 	: 	: 	: 	: 	: 	: 
"V97120,R_S,PL7"	11.01	11.15	: 	: 	: 	: 	: 	: 	: 	: 
"V97120,R_S,PL71"	10.34	11.14	: 	: 	: 	: 	: 	: 	: 	: 
"V97120,R_S,PL711"	9.49	11.9	: 	: 	: 	: 	: 	: 	: 	: 
"V97120,R_S,PL712"	11.78	11.07	: 	: 	: 	: 	: 	: 	: 	: 
"V97120,R_S,PL713"	10.22	11.18	: 	: 	: 	: 	: 	: 	: 	: 
"V97120,R_S,PL714"	12.02	9.12	: 	: 	: 	: 	: 	: 	: 	: 
"V97120,R_S,PL715"	9.48	10.95	: 	: 	: 	: 	: 	: 	: 	: 
"V97120,R_S,PL72"	12.85	11.2	: 	: 	: 	: 	: 	: 	: 	: 
"V97120,R_S,PL721"	12.91	11.98	: 	: 	: 	: 	: 	: 	: 	: 
"V97120,R_S,PL722"	12.69	9.14	: 	: 	: 	: 	: 	: 	: 	: 
"V97120,R_S,PL8"	11	10.02	: 	: 	: 	: 	: 	: 	: 	: 
"V97120,R_S,PL81"	11	10.92	: 	: 	: 	: 	: 	: 	: 	: 
"V97120,R_S,PL811"	12.13	12.31	: 	: 	: 	: 	: 	: 	: 	: 
"V97120,R_S,PL812"	13.51	11.03	: 	: 	: 	: 	: 	: 	: 	: 
"V97120,R_S,PL814"	9.64	10.53	: 	: 	: 	: 	: 	: 	: 	: 
"V97120,R_S,PL815"	10.34	10.83	: 	: 	: 	: 	: 	: 	: 	: 
"V97120,R_S,PL82"	11.68	9.58	: 	: 	: 	: 	: 	: 	: 	: 
"V97120,R_S,PL821"	12.6	9.37	: 	: 	: 	: 	: 	: 	: 	: 
"V97120,R_S,PL822"	10.73	10.34	: 	: 	: 	: 	: 	: 	: 	: 
"V97120,R_S,PL823"	12.48	10.68	: 	: 	: 	: 	: 	: 	: 	: 
"V97120,R_S,PL824"	10.43	8.13	: 	: 	: 	: 	: 	: 	: 	: 
"V97120,R_S,PL84"	9.9	9.22	: 	: 	: 	: 	: 	: 	: 	: 
"V97120,R_S,PL841"	9.87	9.39	: 	: 	: 	: 	: 	: 	: 	: 
"V97120,R_S,PL842"	9.91	8.73	: 	: 	: 	: 	: 	: 	: 	: 
"V97120,R_S,PL843"	9.96	9.4	: 	: 	: 	: 	: 	: 	: 	: 
"V97120,R_S,PL9"	8.32	8.09	: 	: 	: 	: 	: 	: 	: 	: 
"V97120,R_S,PL91"	7.51	7.4	: 	: 	: 	: 	: 	: 	: 	: 
"V97120,R_S,PL911"	6.84	6.96	: 	: 	: 	: 	: 	: 	: 	: 
"V97120,R_S,PL912"	9.89	9.78	: 	: 	: 	: 	: 	: 	: 	: 
"V97120,R_S,PL913"	9.17	7.92	: 	: 	: 	: 	: 	: 	: 	: 
"V97120,R_S,PL92"	11.18	10.68	: 	: 	: 	: 	: 	: 	: 	: 
"V97120,R_S,PL921"	10.07	9.64	: 	: 	: 	: 	: 	: 	: 	: 
"V97120,R_S,PL922"	11.79	11	: 	: 	: 	: 	: 	: 	: 	: 
"V97120,R_S,PL923"	16.34	13.29	: 	: 	: 	: 	: 	: 	: 	: 
"V97120,R_S,PL924"	12.12	11.58	: 	: 	: 	: 	: 	: 	: 	: 
"V97120,R_S,PL925"	8.39	10.27	: 	: 	: 	: 	: 	: 	: 	: 
"V97120,R_S,PL926"	8.73	8.84	: 	: 	: 	: 	: 	: 	: 	: 
"V97120,R_S,PT"	11.13	10.86	11.06	10.75	10.54	8.75	9.27	8.12	8.6	10.98
"V97120,R_S,PT1"	11.15	10.9	11.01	10.74	10.56	8.72	9.28	8.14	8.56	11
"V97120,R_S,PT11"	10.56	10.72	10.55	10.15	10.56	8.53	9.39	8.07	8.1	10.03
"V97120,R_S,PT111"	11.77	11.61	11.27	11.65	10.9	8.71	9.96	8.18	8.94	12.39
"V97120,R_S,PT112"	11.68	11.2	10.32	11.19	11.85	9.72	10.15	9	8.16	10.45
"V97120,R_S,PT119"	10.31	10.5	9.85	10.11	11.36	7.74	8.89	7.78	8.82	11.24
"V97120,R_S,PT11A"	10.55	10.81	10.74	9.94	10.35	8.56	9.41	7.99	7.89	9.72
"V97120,R_S,PT11B"	6.39	9.33	8.16	7.3	7.83	7.01	9.29	8.25	9.35	8.31
"V97120,R_S,PT11C"	10.51	10.12	10.57	9.88	9.92	8.24	9.14	7.75	8.71	10.58
"V97120,R_S,PT11D"	9.35	10.05	10.64	9.68	10.77	8.12	8.55	7.89	7.35	10.43
"V97120,R_S,PT11E"	10.42	9.57	10.33	11.71	10.86	8.78	8.96	8.22	7.13	6.44
"V97120,R_S,PT15"	10.93	10.37	10.73	10.97	9.92	8.03	8.1	8.32	9.12	12.69
"V97120,R_S,PT150"	10.93	10.37	10.73	10.97	9.92	8.03	8.1	8.32	9.12	12.69
"V97120,R_S,PT16"	10.86	10.54	11.38	10.77	10.65	9.05	8.96	8.36	8.71	10.61
"V97120,R_S,PT16B"	12.52	11.56	12.51	11.28	12.17	10.08	9.18	9.06	9.43	10.99
"V97120,R_S,PT16D"	11.16	12.26	12.45	10.73	11.71	10.04	10.82	9.73	9.2	11.07
"V97120,R_S,PT16E"	10.85	10.85	12.19	11.58	10.73	8.05	9.05	: c	8.13	10.06
"V97120,R_S,PT16F"	10.8	9.34	12.64	10.07	10.46	8.96	8.1	7.89	8.75	10.22
"V97120,R_S,PT16G"	10.05	11.43	9.37	10.86	11.14	9.28	10.01	: c	8.83	11.02
"V97120,R_S,PT16H"	11.98	7.96	9.13	7.55	6.04	7.41	6.5	6.99	6.6	8.97
"V97120,R_S,PT16I"	10	9.7	10.13	11.77	9.61	9.54	8.08	7.46	9.13	11.98
"V97120,R_S,PT16J"	8.62	7.76	8.21	9.28	8.85	8.03	7.54	7.09	8.11	9.84
"V97120,R_S,PT17"	11.98	11.33	11.27	10.99	10.63	8.63	9.28	7.88	8.51	11.46
"V97120,R_S,PT170"	11.98	11.33	11.27	10.99	10.63	8.63	9.28	7.88	8.51	11.46
"V97120,R_S,PT18"	9.98	10.74	10.88	11.76	10.39	10.02	10.9	9.55	10.21	11.62
"V97120,R_S,PT181"	13.43	14.59	13.92	14.75	15.53	14.19	12.1	11.94	11.79	: c
"V97120,R_S,PT184"	10.08	7.45	9.95	10.98	7.8	7.09	11.13	8.12	10.13	8.61
"V97120,R_S,PT185"	8.23	10.31	10.24	11.6	10.29	9.81	11.66	: c	: c	: c
"V97120,R_S,PT186"	10.19	11.66	11.08	10.9	10.5	9.21	9.3	: c	: c	9.64
"V97120,R_S,PT187"	10.7	10.85	10.48	10.8	8.34	9.71	9.92	: c	10.22	: c
"V97120,R_S,PT2"	11.67	10.56	13.55	12.61	11.5	10.56	10.44	8.89	11.08	13.81
"V97120,R_S,PT20"	11.67	10.56	13.55	12.61	11.5	10.56	10.44	8.89	11.08	13.81
"V97120,R_S,PT200"	11.67	10.56	13.55	12.61	11.5	10.56	10.44	8.89	11.08	13.81
"V97120,R_S,PT3"	9.64	9.45	11.04	9.92	9.25	8.32	8.37	6.68	8.27	8.71
"V97120,R_S,PT30"	9.64	9.45	11.04	9.92	9.25	8.32	8.37	6.68	8.27	8.71
"V97120,R_S,PT300"	9.64	9.45	11.04	9.92	9.25	8.32	8.37	6.68	8.27	8.71
"V97120,R_S,RO"	10.2	9.07	11.12	7.2	14.81	9.53	8.41	: 	: 	: 
"V97120,R_S,RO1"	12.35	9.14	10.84	8.05	17.86	11.06	9.22	: 	: 	: 
"V97120,R_S,RO11"	12.23	8.59	10.06	8.62	17.56	11.4	9.06	: 	: 	: 
"V97120,R_S,RO111"	12.82	9.09	11.76	8.22	20.6	13.89	12.71	: 	: 	: 
"V97120,R_S,RO112"	15.37	6.24	4.34	13.15	8.59	5.57	4.31	: 	: 	: 
"V97120,R_S,RO113"	11.04	8.07	9.79	8.11	16.06	11.05	8.63	: 	: 	: 
"V97120,R_S,RO114"	13.23	10.32	12.85	8.77	25.79	13.43	10.18	: 	: 	: 
"V97120,R_S,RO115"	9.58	8.01	9.71	6.05	19.01	12.11	7.2	: 	: 	: 
"V97120,R_S,RO116"	14.4	11.01	14.53	4.98	18.93	10.18	8.98	: 	: 	: 
"V97120,R_S,RO12"	12.5	9.79	11.92	7.25	18.26	10.62	9.45	: 	: 	: 
"V97120,R_S,RO121"	17.73	10.96	15.39	5.61	25.74	10.73	13.65	: 	: 	: 
"V97120,R_S,RO122"	11.46	12.37	13.91	10.61	18.03	11.34	9.09	: 	: 	: 
"V97120,R_S,RO123"	14.86	12.69	9.65	5.59	20.63	8.22	9.62	: 	: 	: 
"V97120,R_S,RO124"	12.72	8.87	9.69	5.34	16.42	8.47	7.11	: 	: 	: 
"V97120,R_S,RO125"	13.45	8.36	10.69	6.09	14.87	8.89	9.2	: 	: 	: 
"V97120,R_S,RO126"	8.99	7.28	10.45	6.59	18	14.05	9.21	: 	: 	: 
"V97120,R_S,RO2"	10.98	8.76	10.98	6.41	16.7	9.04	9.01	: 	: 	: 
"V97120,R_S,RO21"	10.81	9.26	11.44	6.34	16.67	7.56	9.15	: 	: 	: 
"V97120,R_S,RO211"	11.91	8.86	8.89	5.46	20.03	8.94	9.29	: 	: 	: 
"V97120,R_S,RO212"	13.78	11.35	11.04	6.33	19.62	7.63	9.58	: 	: 	: 
"V97120,R_S,RO213"	10.54	10.17	13.71	9.16	16.01	7.29	9.59	: 	: 	: 
"V97120,R_S,RO214"	12.19	10.05	11.31	4.71	17.87	7.77	9.26	: 	: 	: 
"V97120,R_S,RO215"	8.18	6.65	11.12	5.06	13.77	7.61	9.95	: 	: 	: 
"V97120,R_S,RO216"	9.99	8.92	9.36	3.22	13.75	5.04	5.31	: 	: 	: 
"V97120,R_S,RO22"	11.17	8.27	10.53	6.48	16.73	10.44	8.88	: 	: 	: 
"V97120,R_S,RO221"	9.43	6	10.73	5.29	16.56	8.79	10.03	: 	: 	: 
"V97120,R_S,RO222"	11.58	13.38	11.97	7.22	23.83	10.26	12.49	: 	: 	: 
"V97120,R_S,RO223"	11.01	7.58	10.17	6.62	15.21	10.54	7.35	: 	: 	: 
"V97120,R_S,RO224"	11.51	8.41	9.54	7.16	17.54	11.85	9.86	: 	: 	: 
"V97120,R_S,RO225"	8.29	7.79	12.61	4.73	16.31	10.67	10.68	: 	: 	: 
"V97120,R_S,RO226"	15.68	9.11	11.22	6.66	15.39	8.81	7.91	: 	: 	: 
"V97120,R_S,RO3"	7.68	7.97	11.3	7.15	10.7	8.32	7.25	: 	: 	: 
"V97120,R_S,RO31"	12.06	8.61	14.68	7.15	18.54	11.32	9.74	: 	: 	: 
"V97120,R_S,RO311"	10.73	8.88	11.62	8.15	18.14	14.98	9.82	: 	: 	: 
"V97120,R_S,RO312"	16.43	14.73	17.6	6.7	28.5	12.62	15.11	: 	: 	: 
"V97120,R_S,RO313"	18.11	9.72	12.83	6.05	21.68	8.81	8.91	: 	: 	: 
"V97120,R_S,RO314"	13.56	11.17	12.23	5.65	16.86	9.28	9.55	: 	: 	: 
"V97120,R_S,RO315"	11.35	11.76	12.01	9.48	17.16	10.98	13.15	: 	: 	: 
"V97120,R_S,RO316"	9.83	6.83	17.97	6.34	14.58	10	8.1	: 	: 	: 
"V97120,R_S,RO317"	13.86	6.01	13.91	7.96	26.47	9.7	12.07	: 	: 	: 
"V97120,R_S,RO32"	6.31	7.78	10.37	7.15	8.63	7.5	6.69	: 	: 	: 
"V97120,R_S,RO321"	5.72	7.67	7.01	6.78	8.09	6.31	6.31	: 	: 	: 
"V97120,R_S,RO322"	9.59	8.43	31.99	10.6	12.95	20.3	11.7	: 	: 	: 
"V97120,R_S,RO4"	12.3	12.6	11.28	6.81	19.49	11.17	9.82	: 	: 	: 
"V97120,R_S,RO41"	12.43	11.55	10.26	6.2	19.81	10.88	10.78	: 	: 	: 
"V97120,R_S,RO411"	9.68	11.11	9.54	8.24	20.32	13.31	10.92	: 	: 	: 
"V97120,R_S,RO412"	13.05	13.32	10.98	5.83	15.71	11.21	8.23	: 	: 	: 
"V97120,R_S,RO413"	18.78	14.39	8.02	5.51	13.31	10.04	12.58	: 	: 	: 
"V97120,R_S,RO414"	12.73	11.2	11.28	4.38	14.56	7.97	10.25	: 	: 	: 
"V97120,R_S,RO415"	12.94	9.13	11.59	4.16	27.66	8.59	11.48	: 	: 	: 
"V97120,R_S,RO42"	12.2	13.37	12.04	7.25	19.26	11.35	9.14	: 	: 	: 
"V97120,R_S,RO421"	14.02	11.5	15.57	6.05	17.23	8.57	10.56	: 	: 	: 
"V97120,R_S,RO422"	14.16	10.93	10.1	5.33	28.96	14.29	10.79	: 	: 	: 
"V97120,R_S,RO423"	12.53	9.49	10.91	8.36	18.41	14.82	8.25	: 	: 	: 
"V97120,R_S,RO424"	10.69	16.24	10.85	7.89	18.68	10.65	8.35	: 	: 	: 
"V97120,R_S,SK"	8.65	7.37	7.23	14.66	6.18	5.33	7.68	: 	: 	: 
"V97120,R_S,SK0"	8.65	7.37	7.23	14.66	6.18	5.33	7.68	: 	: 	: 
"V97120,R_S,SK01"	5.09	3.81	5.06	8.26	4.68	3.65	4.9	: 	: 	: 
"V97120,R_S,SK010"	5.09	3.81	5.06	8.26	4.68	3.65	4.9	: 	: 	: 
"V97120,R_S,SK02"	9.63	8.21	8.49	17.14	6.25	6.09	9.1	: 	: 	: 
"V97120,R_S,SK021"	8.78	7.14	8.65	18.35	6.66	7.03	9.12	: 	: 	: 
"V97120,R_S,SK022"	9.61	8.5	7.21	15.09	5.68	6.78	10.1	: 	: 	: 
"V97120,R_S,SK023"	10.6	9.16	9.58	17.86	6.38	4.73	8.4	: 	: 	: 
"V97120,R_S,SK03"	9.26	8.32	7.45	15.56	6.5	5.55	8.82	: 	: 	: 
"V97120,R_S,SK031"	7.84	6.27	6.33	12.78	4.95	5.77	7.96	: 	: 	: 
"V97120,R_S,SK032"	11.28	11.19	8.89	19.02	8.49	5.32	9.65	: 	: 	: 
"V97120,R_S,SK04"	12.17	10.81	8.67	20.33	8.55	6.88	9.36	: 	: 	: 
"V97120,R_S,SK041"	12.2	10.43	8.18	22.62	7.41	7.65	10.97	: 	: 	: 
"V97120,R_S,SK042"	12.14	11.21	9.2	17.85	9.7	6.23	8.03	: 	: 	: 