"prof_pos,sex,sectperf,unit,geo\time"	2018	2017	2016	2015	2014	2013	2012	2011	2010	2009	2008	2007	2006	2005	2004	2003	2002	2001	2000	1999	1998	1997	1996	1995	1994	1993	1992	1991	1990	1989	1988	1987	1986	1985	1984	1983	1982	1981	1980
"TOTAL,T,TOTAL,PC_EMP_HC,AT"	: 	3.131	: 	3.1015	: 	2.9043	: 	2.7109	: 	2.4687	: 	2.3152	2.2196	: 	2.0321	: 	1.785	: 	: 	: 	1.4497	: 	: 	: 	: 	: 	: 	: 	: 	: 	: 	: 	: 	: 	: 	: 	: 	: 	: 
"TOTAL,T,TOTAL,PC_EMP_HC,AT1"	: 	3.1786	: 	3.1982	: 	3.0642 b	: 	2.9355	: 	2.7526	: 	2.647	2.5744	: 	2.4884	: 	2.2088	: 	: 	: 	: 	: 	: 	: 	: 	: 	: 	: 	: 	: 	: 	: 	: 	: 	: 	: 	: 	: 	: 
"TOTAL,T,TOTAL,PC_EMP_HC,AT11"	: 	0.9653	: 	0.9467	: 	0.891 b	: 	0.7491	: 	0.5942	: 	0.4826	0.4211	: 	0.453	: 	0.3951	: 	: 	: 	: 	: 	: 	: 	: 	: 	: 	: 	: 	: 	: 	: 	: 	: 	: 	: 	: 	: 	: 
"TOTAL,T,TOTAL,PC_EMP_HC,AT12"	: 	1.3879	: 	1.3284	: 	1.1975 b	: 	1.0415	: 	0.922	: 	0.7796	0.7706	: 	0.6678	: 	0.5798	: 	: 	: 	: 	: 	: 	: 	: 	: 	: 	: 	: 	: 	: 	: 	: 	: 	: 	: 	: 	: 	: 
"TOTAL,T,TOTAL,PC_EMP_HC,AT13"	: 	5.2779	: 	5.4215	: 	5.2648 b	: 	5.2275	: 	4.9844	: 	4.949	4.7675	: 	4.6838	: 	4.1298	: 	: 	: 	: 	: 	: 	: 	: 	: 	: 	: 	: 	: 	: 	: 	: 	: 	: 	: 	: 	: 	: 
"TOTAL,T,TOTAL,PC_EMP_HC,AT2"	: 	3.7222	: 	3.727	: 	3.4055 b	: 	3.1044	: 	2.7271	: 	2.5271	2.3633	: 	2.1756	: 	1.8814	: 	: 	: 	: 	: 	: 	: 	: 	: 	: 	: 	: 	: 	: 	: 	: 	: 	: 	: 	: 	: 	: 
"TOTAL,T,TOTAL,PC_EMP_HC,AT21"	: 	1.8006	: 	1.8017	: 	1.6983 b	: 	1.6441	: 	1.4973	: 	1.419	1.3705	: 	1.1819	: 	0.979	: 	: 	: 	: 	: 	: 	: 	: 	: 	: 	: 	: 	: 	: 	: 	: 	: 	: 	: 	: 	: 	: 
"TOTAL,T,TOTAL,PC_EMP_HC,AT22"	: 	4.5564	: 	4.567	: 	4.1575 b	: 	3.7463	: 	3.2779	: 	3.0211	2.8026	: 	2.619	: 	2.2995	: 	: 	: 	: 	: 	: 	: 	: 	: 	: 	: 	: 	: 	: 	: 	: 	: 	: 	: 	: 	: 	: 
"TOTAL,T,TOTAL,PC_EMP_HC,AT3"	: 	2.6144	: 	2.4998	: 	2.3152 b	: 	2.12	: 	1.8919	: 	1.7359	1.6768	: 	1.5128	: 	1.2698	: 	: 	: 	: 	: 	: 	: 	: 	: 	: 	: 	: 	: 	: 	: 	: 	: 	: 	: 	: 	: 	: 
"TOTAL,T,TOTAL,PC_EMP_HC,AT31"	: 	2.7035	: 	2.656	: 	2.4214 b	: 	2.1595	: 	1.8845	: 	1.7433	1.6893	: 	1.44	: 	1.1991	: 	: 	: 	: 	: 	: 	: 	: 	: 	: 	: 	: 	: 	: 	: 	: 	: 	: 	: 	: 	: 	: 
"TOTAL,T,TOTAL,PC_EMP_HC,AT32"	: 	2.3913	: 	2.2086	: 	1.9978 b	: 	1.8145	: 	1.598	: 	1.3711	1.3546	: 	1.2492	: 	1.0468	: 	: 	: 	: 	: 	: 	: 	: 	: 	: 	: 	: 	: 	: 	: 	: 	: 	: 	: 	: 	: 	: 
"TOTAL,T,TOTAL,PC_EMP_HC,AT33"	: 	2.9596	: 	2.7986	: 	2.7426 b	: 	2.6267	: 	2.348	: 	2.2685	2.1507	: 	2.0682	: 	1.7328	: 	: 	: 	: 	: 	: 	: 	: 	: 	: 	: 	: 	: 	: 	: 	: 	: 	: 	: 	: 	: 	: 
"TOTAL,T,TOTAL,PC_EMP_HC,AT34"	: 	1.9402	: 	1.7428	: 	1.5277 b	: 	1.4299	: 	1.4552	: 	1.2052	1.1839	: 	1.1169	: 	0.9944	: 	: 	: 	: 	: 	: 	: 	: 	: 	: 	: 	: 	: 	: 	: 	: 	: 	: 	: 	: 	: 	: 
"TOTAL,T,TOTAL,PC_EMP_HC,BE"	: 	2.8123	: 	2.5245	: 	2.2391	: 	2.1124	1.9951	2.0226	1.9652	1.9213	1.9026	1.8697	1.8556	1.8193	1.8084	: 	: 	: 	: 	: 	: 	: 	: 	: 	: 	: 	: 	: 	: 	: 	: 	: 	: 	: 	: 	: 	: 
"TOTAL,T,TOTAL,PC_EMP_HC,BE1"	: 	4.8063	: 	4.4542	: 	4.2235	: 	3.7017	3.6248	3.9054	3.8867	3.9464	3.9461	3.6279	3.6028	3.6258	3.8101	: 	: 	: 	: 	: 	: 	: 	: 	: 	: 	: 	: 	: 	: 	: 	: 	: 	: 	: 	: 	: 	: 
"TOTAL,T,TOTAL,PC_EMP_HC,BE10"	: 	4.8063	: 	4.4542	: 	4.2235	: 	3.7017	3.6248	3.9054	3.8867	3.9464	3.9461	3.6279	3.6028	3.6258	3.8101	: 	: 	: 	: 	: 	: 	: 	: 	: 	: 	: 	: 	: 	: 	: 	: 	: 	: 	: 	: 	: 	: 
"TOTAL,T,TOTAL,PC_EMP_HC,BE2"	: 	2.7733	: 	2.5125	: 	2.203	: 	2.0362	1.9455	1.9296	1.8784	1.8123	1.7993	1.7924	1.783	1.7059	1.6902	: 	: 	: 	: 	: 	: 	: 	: 	: 	: 	: 	: 	: 	: 	: 	: 	: 	: 	: 	: 	: 	: 
"TOTAL,T,TOTAL,PC_EMP_HC,BE21"	: 	: c	: 	2.3764	: 	2.032	: 	2.105	1.9562	1.9469	1.8723	1.9239	1.9556	: 	: 	: 	: 	: 	: 	: 	: 	: 	: 	: 	: 	: 	: 	: 	: 	: 	: 	: 	: 	: 	: 	: 	: 	: 	: 
"TOTAL,T,TOTAL,PC_EMP_HC,BE22"	: 	: c	: 	1.4745	: 	1.1259	: 	0.9372	0.8908	0.9181	0.8716	0.8554	0.8216	: 	: 	: 	: 	: 	: 	: 	: 	: 	: 	: 	: 	: 	: 	: 	: 	: 	: 	: 	: 	: 	: 	: 	: 	: 	: 
"TOTAL,T,TOTAL,PC_EMP_HC,BE23"	: 	: c	: 	2.8795	: 	2.6154	: 	2.3376	2.2521	2.1648	2.0705	1.9697	1.8985	: 	: 	: 	: 	: 	: 	: 	: 	: 	: 	: 	: 	: 	: 	: 	: 	: 	: 	: 	: 	: 	: 	: 	: 	: 	: 
"TOTAL,T,TOTAL,PC_EMP_HC,BE24"	: 	: c	: 	4.3118	: 	3.8795	: 	3.5696	3.5435	3.4875	3.4978	3.1739	3.1662	: 	: 	: 	: 	: 	: 	: 	: 	: 	: 	: 	: 	: 	: 	: 	: 	: 	: 	: 	: 	: 	: 	: 	: 	: 	: 
"TOTAL,T,TOTAL,PC_EMP_HC,BE25"	: 	: c	: 	1.2666	: 	1.1075	: 	0.8923	0.7963	0.8517	0.8312	0.8571	0.8562	: 	: 	: 	: 	: 	: 	: 	: 	: 	: 	: 	: 	: 	: 	: 	: 	: 	: 	: 	: 	: 	: 	: 	: 	: 	: 
"TOTAL,T,TOTAL,PC_EMP_HC,BE3"	: 	2.1214	: 	1.819	: 	1.6285	: 	1.7166	1.5365	1.5831	1.5181	1.5042	1.4782	1.4552	1.435	1.515	1.4867	: 	: 	: 	: 	: 	: 	: 	: 	: 	: 	: 	: 	: 	: 	: 	: 	: 	: 	: 	: 	: 	: 
"TOTAL,T,TOTAL,PC_EMP_HC,BE31"	: 	: c	: 	5.5015	: 	5.6072	: 	5.3129	3.9506	4.3791	4.2366	4.6068	4.6823	: 	: 	: 	: 	: 	: 	: 	: 	: 	: 	: 	: 	: 	: 	: 	: 	: 	: 	: 	: 	: 	: 	: 	: 	: 	: 
"TOTAL,T,TOTAL,PC_EMP_HC,BE32"	: 	: c	: 	1.1887	: 	0.8839	: 	1.1264	1.0617	1.0029	0.9106	0.7784	0.7603	: 	: 	: 	: 	: 	: 	: 	: 	: 	: 	: 	: 	: 	: 	: 	: 	: 	: 	: 	: 	: 	: 	: 	: 	: 	: 
"TOTAL,T,TOTAL,PC_EMP_HC,BE33"	: 	: c	: 	1.6976	: 	1.6367	: 	1.6224	1.6397	1.5489	1.5157	1.5467	1.4585	: 	: 	: 	: 	: 	: 	: 	: 	: 	: 	: 	: 	: 	: 	: 	: 	: 	: 	: 	: 	: 	: 	: 	: 	: 	: 
"TOTAL,T,TOTAL,PC_EMP_HC,BE34"	: 	: c	: 	0.244	: 	0.2014	: 	0.3321	0.3848	0.2802	0.3	0.3261	0.3439	: 	: 	: 	: 	: 	: 	: 	: 	: 	: 	: 	: 	: 	: 	: 	: 	: 	: 	: 	: 	: 	: 	: 	: 	: 	: 
"TOTAL,T,TOTAL,PC_EMP_HC,BE35"	: 	: c	: 	1.3745	: 	0.9128	: 	1.189	1.1456	1.5111	1.4568	1.3069	1.2942	: 	: 	: 	: 	: 	: 	: 	: 	: 	: 	: 	: 	: 	: 	: 	: 	: 	: 	: 	: 	: 	: 	: 	: 	: 	: 
"TOTAL,T,TOTAL,PC_EMP_HC,BG"	1.1277	1.016	1.0936	0.995	0.8707	0.7721	0.7488	0.7107	0.6856	0.6855	0.6079	0.6212	0.6183	0.6324	0.6265	0.6248	0.6221	0.6239	0.6089	: 	: 	: 	: 	: 	: 	: 	: 	: 	: 	: 	: 	: 	: 	: 	: 	: 	: 	: 	: 
"TOTAL,T,TOTAL,PC_EMP_HC,BG3"	0.7051	0.6146	0.6212	0.6411	0.5379	0.4514	0.4335	0.3902	0.3876	0.3787	0.3445	0.3351	0.3221	0.3041	0.2788	0.2649	: 	: 	: 	: 	: 	: 	: 	: 	: 	: 	: 	: 	: 	: 	: 	: 	: 	: 	: 	: 	: 	: 	: 
"TOTAL,T,TOTAL,PC_EMP_HC,BG31"	0.6365	0.508	0.5529	0.49	0.3146	0.3119	0.3123	0.1977	0.2088	0.1828	0.2057	0.2192	0.1974	0.1805	0.1701	0.1666	: 	: 	: 	: 	: 	: 	: 	: 	: 	: 	: 	: 	: 	: 	: 	: 	: 	: 	: 	: 	: 	: 	: 
"TOTAL,T,TOTAL,PC_EMP_HC,BG32"	0.6985	0.6349	0.5802	0.7011	0.6058	0.4725	0.4584	0.4853	0.4273	0.4281	0.4017	0.3627	0.3574	0.3876	0.2496	0.2188	: 	: 	: 	: 	: 	: 	: 	: 	: 	: 	: 	: 	: 	: 	: 	: 	: 	: 	: 	: 	: 	: 	: 
"TOTAL,T,TOTAL,PC_EMP_HC,BG33"	0.9033	0.8225	0.8004	0.8167	0.7759	0.6204	0.5961	0.5377	0.5724	0.4962	0.4206	0.4151	0.4089	0.3933	0.4362	0.4113	: 	: 	: 	: 	: 	: 	: 	: 	: 	: 	: 	: 	: 	: 	: 	: 	: 	: 	: 	: 	: 	: 	: 
"TOTAL,T,TOTAL,PC_EMP_HC,BG34"	0.5728	0.4734	0.5277	0.5257	0.4113	0.3793	0.3562	0.3201	0.3202	0.3802	0.3355	0.328	0.3069	0.2467	0.2483	0.2513	: 	: 	: 	: 	: 	: 	: 	: 	: 	: 	: 	: 	: 	: 	: 	: 	: 	: 	: 	: 	: 	: 	: 
"TOTAL,T,TOTAL,PC_EMP_HC,BG4"	1.4382	1.3197	1.4715	1.2769	1.1341	1.0332	1.0133	0.9853	0.9403	0.9525	0.8374	0.8758	0.8901	0.9397	0.9252	0.9471	: 	: 	: 	: 	: 	: 	: 	: 	: 	: 	: 	: 	: 	: 	: 	: 	: 	: 	: 	: 	: 	: 	: 
"TOTAL,T,TOTAL,PC_EMP_HC,BG41"	1.9237	1.8033	2.0024	1.7356	1.5884	1.4397	1.3985	1.3543	1.2935	1.3554	1.2041	1.2569	1.2945	1.3765	1.4136	1.4413	1.4815	: 	1.4873	: 	: 	: 	: 	: 	: 	: 	: 	: 	: 	: 	: 	: 	: 	: 	: 	: 	: 	: 	: 
"TOTAL,T,TOTAL,PC_EMP_HC,BG42"	0.6186	0.5272	0.5748	0.5095	0.3953	0.3596	0.3498	0.3388	0.3299	0.2955	0.2556	0.2704	0.2404	0.2522	0.2052	0.2046	: 	: 	: 	: 	: 	: 	: 	: 	: 	: 	: 	: 	: 	: 	: 	: 	: 	: 	: 	: 	: 	: 	: 
"TOTAL,T,TOTAL,PC_EMP_HC,CH"	: 	2.8075	: 	2.8425	: 	: 	2.7873	: 	: 	: 	: 	: 	: 	: 	: 	: 	: 	: 	: 	: 	: 	: 	: 	: 	: 	: 	: 	: 	: 	: 	: 	: 	: 	: 	: 	: 	: 	: 	: 
"TOTAL,T,TOTAL,PC_EMP_HC,CH0"	: 	2.8075	: 	2.8425	: 	: 	2.7873	: 	: 	: 	: 	: 	: 	: 	: 	: 	: 	: 	: 	: 	: 	: 	: 	: 	: 	: 	: 	: 	: 	: 	: 	: 	: 	: 	: 	: 	: 	: 	: 
"TOTAL,T,TOTAL,PC_EMP_HC,CY"	0.9626	0.8973	0.8732	0.8346	0.8332	0.8395	0.7299	0.7236	0.688	0.6984	0.6671	0.678	0.7282	0.7308	0.6835	0.661	0.6289	0.5757	0.566	0.5507	0.4715	: 	: 	: 	: 	: 	: 	: 	: 	: 	: 	: 	: 	: 	: 	: 	: 	: 	: 
"TOTAL,T,TOTAL,PC_EMP_HC,CY0"	0.9626	0.8973	0.8732	0.8346	0.8332	0.8395	0.7299	0.7236	0.688	0.6984	0.6671	0.678	0.7282	0.7308	0.6835	0.661	0.6289	0.5757	0.566	0.5507	0.4715	: 	: 	: 	: 	: 	: 	: 	: 	: 	: 	: 	: 	: 	: 	: 	: 	: 	: 
"TOTAL,T,TOTAL,PC_EMP_HC,CY00"	0.9626	0.8973	0.8732	0.8346	0.8332	0.8395	0.7299	0.7236	0.688	0.6984	0.6671	0.678	0.7282	0.7308	0.6835	0.661	0.6289	0.5757	0.566	0.5507	0.4715	: 	: 	: 	: 	: 	: 	: 	: 	: 	: 	: 	: 	: 	: 	: 	: 	: 	: 
"TOTAL,T,TOTAL,PC_EMP_HC,CZ"	2.2041	2.1149	1.9911	2.0293	1.9937	1.9132	1.8197	1.7157	1.6196	1.5604	1.5101	1.505	1.4502	1.3881	1.2966	1.1986	1.1481	1.1216	1.1569	1.1329	1.0758	: 	: 	: 	: 	: 	: 	: 	: 	: 	: 	: 	: 	: 	: 	: 	: 	: 	: 
"TOTAL,T,TOTAL,PC_EMP_HC,CZ0"	2.143	2.0632	1.9436	1.9859	1.9571	1.8779	1.7899	1.6887	1.5947	1.5359	1.4894	1.4848	1.4325	1.3724	1.2846	1.1842	1.1346	1.1097	1.1445	1.1179	: 	: 	: 	: 	: 	: 	: 	: 	: 	: 	: 	: 	: 	: 	: 	: 	: 	: 	: 
"TOTAL,T,TOTAL,PC_EMP_HC,CZ01"	5.5664	5.4116	5.0526	5.3247	5.432	5.2895	4.9163	4.8516	4.4056	4.4638	4.6377	4.7079	4.4569	4.3481	4.0323	3.7003	3.5478	3.4959	: 	: 	: 	: 	: 	: 	: 	: 	: 	: 	: 	: 	: 	: 	: 	: 	: 	: 	: 	: 	: 
"TOTAL,T,TOTAL,PC_EMP_HC,CZ02"	1.4031	1.3345	1.2518	1.1628	1.1038	1.0687	1.0356	1.0688	1.0518	1.0224	0.9785	0.9731	0.9923	0.9505	0.9727	0.9671	0.8737	0.794	: 	: 	: 	: 	: 	: 	: 	: 	: 	: 	: 	: 	: 	: 	: 	: 	: 	: 	: 	: 	: 
"TOTAL,T,TOTAL,PC_EMP_HC,CZ03"	1.5552	1.4428	1.3932	1.3881	1.3955	1.3058	1.2938	1.1911	1.1331	0.9631	0.8515	0.8771	0.8987	0.8253	0.7366	0.6815	0.7233	0.6585	: 	: 	: 	: 	: 	: 	: 	: 	: 	: 	: 	: 	: 	: 	: 	: 	: 	: 	: 	: 	: 
"TOTAL,T,TOTAL,PC_EMP_HC,CZ04"	0.4615	0.4314	0.3862	0.4212	0.4754	0.4057	0.3918	0.3295	0.2865	0.2817	0.2656	0.3096	0.2929	0.2198	0.2606	0.2221	0.2195	0.2504	: 	: 	: 	: 	: 	: 	: 	: 	: 	: 	: 	: 	: 	: 	: 	: 	: 	: 	: 	: 	: 
"TOTAL,T,TOTAL,PC_EMP_HC,CZ05"	1.4568	1.4271	1.3828	1.3875	1.3925	1.4107	1.2985	1.238	1.1772	1.1252	1.0516	1.0481	0.9929	0.8967	0.8928	0.7984	0.7696	0.7286	: 	: 	: 	: 	: 	: 	: 	: 	: 	: 	: 	: 	: 	: 	: 	: 	: 	: 	: 	: 	: 
"TOTAL,T,TOTAL,PC_EMP_HC,CZ06"	2.8925	2.7636	2.6623	2.7409	2.4609	2.3154	2.267	2.0015	1.9454	1.8769	1.7758	1.652	1.6128	1.6314	1.4876	1.377	1.3263	1.2978	: 	: 	: 	: 	: 	: 	: 	: 	: 	: 	: 	: 	: 	: 	: 	: 	: 	: 	: 	: 	: 
"TOTAL,T,TOTAL,PC_EMP_HC,CZ07"	1.5845	1.5597	1.4846	1.4549	1.4366	1.3916	1.2527	1.1402	1.0888	0.9833	0.9431	0.9276	0.9514	0.9602	0.8103	0.696	0.6699	0.6141	: 	: 	: 	: 	: 	: 	: 	: 	: 	: 	: 	: 	: 	: 	: 	: 	: 	: 	: 	: 	: 
"TOTAL,T,TOTAL,PC_EMP_HC,CZ08"	1.3949	1.4118	1.2857	1.3315	1.3245	1.1584	1.2136	1.1593	1.0432	0.9632	0.9481	0.9613	0.8313	0.7245	0.7393	0.7025	0.6265	0.7145	: 	: 	: 	: 	: 	: 	: 	: 	: 	: 	: 	: 	: 	: 	: 	: 	: 	: 	: 	: 	: 
"TOTAL,T,TOTAL,PC_EMP_HC,DE"	: 	2.399	: 	2.3378	: 	2.2279	: 	2.1951	: 	2.056	: 	1.9299	: 	1.8787	: 	1.8739	: 	: 	: 	: 	: 	: 	: 	: 	: 	: 	: 	: 	: 	: 	: 	: 	: 	: 	: 	: 	: 	: 	: 
"TOTAL,T,TOTAL,PC_EMP_HC,DE1"	: 	3.6776	: 	3.4074	: 	3.2425	: 	3.2163	: 	2.9481	: 	2.8067	: 	2.6893	: 	2.6402	: 	: 	: 	: 	: 	: 	: 	: 	: 	: 	: 	: 	: 	: 	: 	: 	: 	: 	: 	: 	: 	: 	: 
"TOTAL,T,TOTAL,PC_EMP_HC,DE11"	: 	4.4187	: 	3.932	: 	3.7333	: 	3.5995	: 	3.2174	: 	3.1912	: 	3.0969	: 	2.8958	: 	: 	: 	: 	: 	: 	: 	: 	: 	: 	: 	: 	: 	: 	: 	: 	: 	: 	: 	: 	: 	: 	: 
"TOTAL,T,TOTAL,PC_EMP_HC,DE12"	: 	3.8634	: 	3.6136	: 	3.4223	: 	3.5333	: 	3.2736	: 	3.0144	: 	2.9365	: 	2.9496	: 	: 	: 	: 	: 	: 	: 	: 	: 	: 	: 	: 	: 	: 	: 	: 	: 	: 	: 	: 	: 	: 	: 
"TOTAL,T,TOTAL,PC_EMP_HC,DE13"	: 	2.3249	: 	2.2384	: 	2.1403	: 	2.1399	: 	1.9852	: 	1.8717	: 	1.6506	: 	1.6948	: 	: 	: 	: 	: 	: 	: 	: 	: 	: 	: 	: 	: 	: 	: 	: 	: 	: 	: 	: 	: 	: 	: 
"TOTAL,T,TOTAL,PC_EMP_HC,DE14"	: 	3.3991	: 	3.3656	: 	3.2592	: 	3.2532	: 	3.068	: 	2.8164	: 	2.6885	: 	2.7627	: 	: 	: 	: 	: 	: 	: 	: 	: 	: 	: 	: 	: 	: 	: 	: 	: 	: 	: 	: 	: 	: 	: 
"TOTAL,T,TOTAL,PC_EMP_HC,DE2"	: 	2.4746	: 	2.4726	: 	2.3216	: 	2.2979	: 	2.2646	: 	2.1035	: 	2.1814	: 	2.1421	: 	: 	: 	: 	: 	: 	: 	: 	: 	: 	: 	: 	: 	: 	: 	: 	: 	: 	: 	: 	: 	: 	: 
"TOTAL,T,TOTAL,PC_EMP_HC,DE21"	: 	3.7131	: 	3.8885	: 	3.6767	: 	3.7458	: 	3.756	: 	3.5676	: 	3.791	: 	3.6862	: 	: 	: 	: 	: 	: 	: 	: 	: 	: 	: 	: 	: 	: 	: 	: 	: 	: 	: 	: 	: 	: 	: 
"TOTAL,T,TOTAL,PC_EMP_HC,DE22"	: 	0.9592	: 	0.7814	: 	: c	: 	: c	: 	: c	: 	: c	: 	: c	: 	: c	: 	: 	: 	: 	: 	: 	: 	: 	: 	: 	: 	: 	: 	: 	: 	: 	: 	: 	: 	: 	: 	: 	: 
"TOTAL,T,TOTAL,PC_EMP_HC,DE23"	: 	1.8121	: 	1.5991	: 	: c	: 	: c	: 	: c	: 	: c	: 	: c	: 	: c	: 	: 	: 	: 	: 	: 	: 	: 	: 	: 	: 	: 	: 	: 	: 	: 	: 	: 	: 	: 	: 	: 	: 
"TOTAL,T,TOTAL,PC_EMP_HC,DE24"	: 	1.5445	: 	1.511	: 	1.3721	: 	1.3452	: 	1.3222	: 	1.1332	: 	1.0119	: 	1.0689	: 	: 	: 	: 	: 	: 	: 	: 	: 	: 	: 	: 	: 	: 	: 	: 	: 	: 	: 	: 	: 	: 	: 
"TOTAL,T,TOTAL,PC_EMP_HC,DE25"	: 	2.5325	: 	2.6304	: 	2.5745	: 	2.4477	: 	2.2988	: 	2.0483	: 	2.1127	: 	2.2032	: 	: 	: 	: 	: 	: 	: 	: 	: 	: 	: 	: 	: 	: 	: 	: 	: 	: 	: 	: 	: 	: 	: 
"TOTAL,T,TOTAL,PC_EMP_HC,DE26"	: 	2.4107	: 	1.9941	: 	2.0033	: 	1.922	: 	1.7832	: 	1.6879	: 	1.7316	: 	1.6012	: 	: 	: 	: 	: 	: 	: 	: 	: 	: 	: 	: 	: 	: 	: 	: 	: 	: 	: 	: 	: 	: 	: 
"TOTAL,T,TOTAL,PC_EMP_HC,DE27"	: 	1.2	: 	1.2405	: 	0.9727	: 	0.9065	: 	0.806	: 	0.8452	: 	0.7787	: 	0.7542	: 	: 	: 	: 	: 	: 	: 	: 	: 	: 	: 	: 	: 	: 	: 	: 	: 	: 	: 	: 	: 	: 	: 
"TOTAL,T,TOTAL,PC_EMP_HC,DE3"	: 	2.8213	: 	2.996	: 	2.9398	: 	2.9747	: 	2.8005	: 	2.6556	: 	2.7135	: 	2.8219	: 	: 	: 	: 	: 	: 	: 	: 	: 	: 	: 	: 	: 	: 	: 	: 	: 	: 	: 	: 	: 	: 	: 
"TOTAL,T,TOTAL,PC_EMP_HC,DE30"	: 	2.8213	: 	2.996	: 	2.9398	: 	2.9747	: 	2.8005	: 	2.6556	: 	2.7135	: 	2.8219	: 	: 	: 	: 	: 	: 	: 	: 	: 	: 	: 	: 	: 	: 	: 	: 	: 	: 	: 	: 	: 	: 	: 
"TOTAL,T,TOTAL,PC_EMP_HC,DE4"	: 	1.3321	: 	1.2616	: 	1.2254	: 	1.1919	: 	0.9736	: 	0.8646	: 	0.8491	: 	0.8309	: 	: 	: 	: 	: 	: 	: 	: 	: 	: 	: 	: 	: 	: 	: 	: 	: 	: 	: 	: 	: 	: 	: 
"TOTAL,T,TOTAL,PC_EMP_HC,DE40"	: 	1.3321	: 	1.2616	: 	1.2254	: 	1.1919	: 	0.9736	: 	0.8646	: 	0.8491	: 	0.8309	: 	: 	: 	: 	: 	: 	: 	: 	: 	: 	: 	: 	: 	: 	: 	: 	: 	: 	: 	: 	: 	: 	: 
"TOTAL,T,TOTAL,PC_EMP_HC,DE5"	: 	3.1151	: 	3.2943	: 	3.0757	: 	3.4081	: 	3.1927	: 	3.2279	: 	3.0839	: 	3.4137	: 	: 	: 	: 	: 	: 	: 	: 	: 	: 	: 	: 	: 	: 	: 	: 	: 	: 	: 	: 	: 	: 	: 
"TOTAL,T,TOTAL,PC_EMP_HC,DE50"	: 	3.1151	: 	3.2943	: 	3.0757	: 	3.4081	: 	3.1927	: 	3.2279	: 	3.0839	: 	3.4137	: 	: 	: 	: 	: 	: 	: 	: 	: 	: 	: 	: 	: 	: 	: 	: 	: 	: 	: 	: 	: 	: 	: 
"TOTAL,T,TOTAL,PC_EMP_HC,DE6"	: 	2.7583	: 	2.6168	: 	2.5019	: 	2.4539	: 	2.3003	: 	2.2152	: 	2.1191	: 	2.16	: 	: 	: 	: 	: 	: 	: 	: 	: 	: 	: 	: 	: 	: 	: 	: 	: 	: 	: 	: 	: 	: 	: 
"TOTAL,T,TOTAL,PC_EMP_HC,DE60"	: 	2.7583	: 	2.6168	: 	2.5019	: 	2.4539	: 	2.3003	: 	2.2152	: 	2.1191	: 	2.16	: 	: 	: 	: 	: 	: 	: 	: 	: 	: 	: 	: 	: 	: 	: 	: 	: 	: 	: 	: 	: 	: 	: 
"TOTAL,T,TOTAL,PC_EMP_HC,DE7"	: 	2.3636	: 	2.3462	: 	2.1848	: 	2.2933	: 	2.2292	: 	2.178	: 	2.0401	: 	2.0161	: 	: 	: 	: 	: 	: 	: 	: 	: 	: 	: 	: 	: 	: 	: 	: 	: 	: 	: 	: 	: 	: 	: 
"TOTAL,T,TOTAL,PC_EMP_HC,DE71"	: 	2.6149	: 	2.6183	: 	2.3209	: 	2.5571	: 	2.4831	: 	2.5137	: 	2.3564	: 	2.3353	: 	: 	: 	: 	: 	: 	: 	: 	: 	: 	: 	: 	: 	: 	: 	: 	: 	: 	: 	: 	: 	: 	: 
"TOTAL,T,TOTAL,PC_EMP_HC,DE72"	: 	2.4346	: 	2.3972	: 	2.4147	: 	2.303	: 	2.1889	: 	2.2265	: 	2.1346	: 	2.1238	: 	: 	: 	: 	: 	: 	: 	: 	: 	: 	: 	: 	: 	: 	: 	: 	: 	: 	: 	: 	: 	: 	: 
"TOTAL,T,TOTAL,PC_EMP_HC,DE73"	: 	1.47	: 	1.4216	: 	1.5488	: 	1.4508	: 	1.4325	: 	1.0656	: 	0.9516	: 	0.8619	: 	: 	: 	: 	: 	: 	: 	: 	: 	: 	: 	: 	: 	: 	: 	: 	: 	: 	: 	: 	: 	: 	: 
"TOTAL,T,TOTAL,PC_EMP_HC,DE8"	: 	1.5193	: 	1.4957	: 	1.5251	: 	1.4971	: 	1.321	: 	1.1615	: 	1.1082	: 	1.1192	: 	: 	: 	: 	: 	: 	: 	: 	: 	: 	: 	: 	: 	: 	: 	: 	: 	: 	: 	: 	: 	: 	: 
"TOTAL,T,TOTAL,PC_EMP_HC,DE80"	: 	1.5193	: 	1.4957	: 	1.5251	: 	1.4971	: 	1.321	: 	1.1615	: 	1.1082	: 	1.1192	: 	: 	: 	: 	: 	: 	: 	: 	: 	: 	: 	: 	: 	: 	: 	: 	: 	: 	: 	: 	: 	: 	: 
"TOTAL,T,TOTAL,PC_EMP_HC,DE9"	: 	1.8886	: 	1.8686	: 	1.8057	: 	1.7497	: 	1.5971	: 	1.6031	: 	1.503	: 	1.5471	: 	: 	: 	: 	: 	: 	: 	: 	: 	: 	: 	: 	: 	: 	: 	: 	: 	: 	: 	: 	: 	: 	: 
"TOTAL,T,TOTAL,PC_EMP_HC,DE91"	: 	5.059	: 	4.9082	: 	4.7407	: 	4.4257	: 	4.0645	: 	4.0822	: 	3.9026	: 	4.0501	: 	: 	: 	: 	: 	: 	: 	: 	: 	: 	: 	: 	: 	: 	: 	: 	: 	: 	: 	: 	: 	: 	: 
"TOTAL,T,TOTAL,PC_EMP_HC,DE92"	: 	1.913	: 	1.97	: 	1.8916	: 	1.9412	: 	1.775	: 	1.7655	: 	1.6959	: 	1.7694	: 	: 	: 	: 	: 	: 	: 	: 	: 	: 	: 	: 	: 	: 	: 	: 	: 	: 	: 	: 	: 	: 	: 
"TOTAL,T,TOTAL,PC_EMP_HC,DE93"	: 	0.512	: 	0.4714	: 	0.5361	: 	0.5025	: 	0.4634	: 	0.4962	: 	0.4005	: 	0.297	: 	: 	: 	: 	: 	: 	: 	: 	: 	: 	: 	: 	: 	: 	: 	: 	: 	: 	: 	: 	: 	: 	: 
"TOTAL,T,TOTAL,PC_EMP_HC,DE94"	: 	0.8925	: 	0.8689	: 	0.8014	: 	0.7502	: 	0.6504	: 	0.6338	: 	0.5652	: 	0.583	: 	: 	: 	: 	: 	: 	: 	: 	: 	: 	: 	: 	: 	: 	: 	: 	: 	: 	: 	: 	: 	: 	: 
"TOTAL,T,TOTAL,PC_EMP_HC,DEA"	: 	1.904	: 	1.8627	: 	1.798	: 	1.7775	: 	1.6461	: 	1.5074	: 	1.4549	: 	1.4738	: 	: 	: 	: 	: 	: 	: 	: 	: 	: 	: 	: 	: 	: 	: 	: 	: 	: 	: 	: 	: 	: 	: 
"TOTAL,T,TOTAL,PC_EMP_HC,DEA1"	: 	1.5111	: 	1.5014	: 	1.3853	: 	1.4463	: 	1.4342	: 	1.289	: 	1.2741	: 	1.21	: 	: 	: 	: 	: 	: 	: 	: 	: 	: 	: 	: 	: 	: 	: 	: 	: 	: 	: 	: 	: 	: 	: 
"TOTAL,T,TOTAL,PC_EMP_HC,DEA2"	: 	2.9988	: 	2.9918	: 	2.8622	: 	2.8609	: 	2.541	: 	2.3095	: 	2.2934	: 	2.4678	: 	: 	: 	: 	: 	: 	: 	: 	: 	: 	: 	: 	: 	: 	: 	: 	: 	: 	: 	: 	: 	: 	: 
"TOTAL,T,TOTAL,PC_EMP_HC,DEA3"	: 	1.147	: 	1.1394	: 	1.1776	: 	1.1133	: 	0.9969	: 	0.963	: 	0.9324	: 	0.9654	: 	: 	: 	: 	: 	: 	: 	: 	: 	: 	: 	: 	: 	: 	: 	: 	: 	: 	: 	: 	: 	: 	: 
"TOTAL,T,TOTAL,PC_EMP_HC,DEA4"	: 	1.8582	: 	1.7097	: 	1.7192	: 	1.644	: 	1.5387	: 	1.3817	: 	1.1778	: 	1.0947	: 	: 	: 	: 	: 	: 	: 	: 	: 	: 	: 	: 	: 	: 	: 	: 	: 	: 	: 	: 	: 	: 	: 
"TOTAL,T,TOTAL,PC_EMP_HC,DEA5"	: 	1.6612	: 	1.605	: 	1.5882	: 	1.4905	: 	1.3711	: 	1.2996	: 	1.2316	: 	1.2512	: 	: 	: 	: 	: 	: 	: 	: 	: 	: 	: 	: 	: 	: 	: 	: 	: 	: 	: 	: 	: 	: 	: 
"TOTAL,T,TOTAL,PC_EMP_HC,DEB"	: 	1.6048	: 	1.6318	: 	1.5177	: 	1.4802	: 	1.4259	: 	1.2618	: 	1.1966	: 	1.2748	: 	: 	: 	: 	: 	: 	: 	: 	: 	: 	: 	: 	: 	: 	: 	: 	: 	: 	: 	: 	: 	: 	: 
"TOTAL,T,TOTAL,PC_EMP_HC,DEB1"	: 	0.6466	: 	0.5946	: 	0.6207	: 	0.5879	: 	0.624	: 	0.5394	: 	0.4803	: 	0.491	: 	: 	: 	: 	: 	: 	: 	: 	: 	: 	: 	: 	: 	: 	: 	: 	: 	: 	: 	: 	: 	: 	: 
"TOTAL,T,TOTAL,PC_EMP_HC,DEB2"	: 	0.7816	: 	0.8194	: 	0.861	: 	0.9353	: 	0.8709	: 	0.7452	: 	0.5897	: 	0.582	: 	: 	: 	: 	: 	: 	: 	: 	: 	: 	: 	: 	: 	: 	: 	: 	: 	: 	: 	: 	: 	: 	: 
"TOTAL,T,TOTAL,PC_EMP_HC,DEB3"	: 	2.5388	: 	2.6257	: 	2.3503	: 	2.2923	: 	2.1641	: 	1.9314	: 	1.9095	: 	2.0331	: 	: 	: 	: 	: 	: 	: 	: 	: 	: 	: 	: 	: 	: 	: 	: 	: 	: 	: 	: 	: 	: 	: 
"TOTAL,T,TOTAL,PC_EMP_HC,DEC"	: 	1.8346	: 	1.754	: 	1.6646	: 	1.5863	: 	1.45	: 	1.3756	: 	1.2085	: 	1.2222	: 	: 	: 	: 	: 	: 	: 	: 	: 	: 	: 	: 	: 	: 	: 	: 	: 	: 	: 	: 	: 	: 	: 
"TOTAL,T,TOTAL,PC_EMP_HC,DEC0"	: 	1.8346	: 	1.754	: 	1.6646	: 	1.5863	: 	1.45	: 	1.3756	: 	1.2085	: 	1.2222	: 	: 	: 	: 	: 	: 	: 	: 	: 	: 	: 	: 	: 	: 	: 	: 	: 	: 	: 	: 	: 	: 	: 
"TOTAL,T,TOTAL,PC_EMP_HC,DED"	: 	2.438	: 	2.3542	: 	2.3397	: 	2.2774	: 	2.0712	: 	1.9311	: 	1.7874	: 	1.8159	: 	: 	: 	: 	: 	: 	: 	: 	: 	: 	: 	: 	: 	: 	: 	: 	: 	: 	: 	: 	: 	: 	: 
"TOTAL,T,TOTAL,PC_EMP_HC,DED2"	: 	3.1041	: 	2.9584	: 	2.0697	: 	2.4322	: 	2.0984	: 	2.6012	: 	2.3765	: 	2.2957	: 	: 	: 	: 	: 	: 	: 	: 	: 	: 	: 	: 	: 	: 	: 	: 	: 	: 	: 	: 	: 	: 	: 
"TOTAL,T,TOTAL,PC_EMP_HC,DED4"	: 	1.7658	: 	1.7285	: 	2.7555	: 	2.1888	: 	2.1048	: 	: 	: 	: 	: 	: 	: 	: 	: 	: 	: 	: 	: 	: 	: 	: 	: 	: 	: 	: 	: 	: 	: 	: 	: 	: 	: 	: 	: 
"TOTAL,T,TOTAL,PC_EMP_HC,DED5"	: 	2.3473	: 	2.2909	: 	2.1597	: 	2.1585	: 	1.9776	: 	: 	: 	: 	: 	: 	: 	: 	: 	: 	: 	: 	: 	: 	: 	: 	: 	: 	: 	: 	: 	: 	: 	: 	: 	: 	: 	: 	: 
"TOTAL,T,TOTAL,PC_EMP_HC,DEE"	: 	1.3504	: 	1.3292	: 	1.3808	: 	1.2949	: 	1.241	: 	1.1461	: 	1.1432	: 	1.1436	: 	: 	: 	: 	: 	: 	: 	: 	: 	: 	: 	: 	: 	: 	: 	: 	: 	: 	: 	: 	: 	: 	: 
"TOTAL,T,TOTAL,PC_EMP_HC,DEE0"	: 	1.3504	: 	1.3292	: 	1.3808	: 	1.2949	: 	1.241	: 	1.1461	: 	1.1432	: 	1.1436	: 	: 	: 	: 	: 	: 	: 	: 	: 	: 	: 	: 	: 	: 	: 	: 	: 	: 	: 	: 	: 	: 	: 
"TOTAL,T,TOTAL,PC_EMP_HC,DEF"	: 	1.3049	: 	1.2755	: 	1.2741	: 	1.1936	: 	1.1179	: 	1.0201	: 	1.0288	: 	1.0138	: 	: 	: 	: 	: 	: 	: 	: 	: 	: 	: 	: 	: 	: 	: 	: 	: 	: 	: 	: 	: 	: 	: 
"TOTAL,T,TOTAL,PC_EMP_HC,DEF0"	: 	1.3049	: 	1.2755	: 	1.2741	: 	1.1936	: 	1.1179	: 	1.0201	: 	1.0288	: 	1.0138	: 	: 	: 	: 	: 	: 	: 	: 	: 	: 	: 	: 	: 	: 	: 	: 	: 	: 	: 	: 	: 	: 	: 
"TOTAL,T,TOTAL,PC_EMP_HC,DEG"	: 	1.8014	: 	1.7537	: 	1.7178	: 	1.6762	: 	1.6309	: 	1.5412	: 	1.5326	: 	1.5106	: 	: 	: 	: 	: 	: 	: 	: 	: 	: 	: 	: 	: 	: 	: 	: 	: 	: 	: 	: 	: 	: 	: 
"TOTAL,T,TOTAL,PC_EMP_HC,DEG0"	: 	1.8014	: 	1.7537	: 	1.7178	: 	1.6762	: 	1.6309	: 	1.5412	: 	1.5326	: 	1.5106	: 	: 	: 	: 	: 	: 	: 	: 	: 	: 	: 	: 	: 	: 	: 	: 	: 	: 	: 	: 	: 	: 	: 
"TOTAL,T,TOTAL,PC_EMP_HC,DK"	: 	3.3678 p	3.274	3.2945	3.2721	3.3306	3.3138	3.3034	3.2536	3.1577	3.0481	2.4786 b	2.4741	2.4858	2.4506	2.2703	2.3068	2.2152	2.0812	2.0446	: 	1.9815	: 	1.9616	: 	1.7346	: 	: 	: 	: 	: 	: 	: 	: 	: 	: 	: 	: 	: 
"TOTAL,T,TOTAL,PC_EMP_HC,DK0"	: 	3.2585 p	3.1646	3.1899	3.1678	3.2305	3.2138	3.2102	3.1507	3.0016	: 	2.4387 b	: 	: 	: 	2.2854	2.2697	2.2011	2.0642	2.0235	: 	: 	: 	: 	: 	: 	: 	: 	: 	: 	: 	: 	: 	: 	: 	: 	: 	: 	: 
"TOTAL,T,TOTAL,PC_EMP_HC,DK01"	: 	5.448 p	5.2773	5.4569	5.4993	5.5294	5.6053	5.6355	5.8845	5.711	: 	4.9416 b	: 	: 	: 	: 	: 	: 	: 	: 	: 	: 	: 	: 	: 	: 	: 	: 	: 	: 	: 	: 	: 	: 	: 	: 	: 	: 	: 
"TOTAL,T,TOTAL,PC_EMP_HC,DK02"	: 	1.1833 p	1.0982	1.0801	1.1402	1.1227	1.1177	1.2172	1.2432	2.6798	: 	0.842 b	: 	: 	: 	: 	: 	: 	: 	: 	: 	: 	: 	: 	: 	: 	: 	: 	: 	: 	: 	: 	: 	: 	: 	: 	: 	: 	: 
"TOTAL,T,TOTAL,PC_EMP_HC,DK03"	: 	2.0329 p	2.1074	1.9312	1.9225	1.8252	1.8028	1.6734	1.7396	0.9018	: 	0.9235 b	: 	: 	: 	: 	: 	: 	: 	: 	: 	: 	: 	: 	: 	: 	: 	: 	: 	: 	: 	: 	: 	: 	: 	: 	: 	: 	: 
"TOTAL,T,TOTAL,PC_EMP_HC,DK04"	: 	2.9407 p	2.7038	2.8374	2.7271	3.0274	2.9787	3.034	2.6055	1.6148	: 	1.92 b	: 	: 	: 	: 	: 	: 	: 	: 	: 	: 	: 	: 	: 	: 	: 	: 	: 	: 	: 	: 	: 	: 	: 	: 	: 	: 	: 
"TOTAL,T,TOTAL,PC_EMP_HC,DK05"	: 	1.9828 p	2.0603	1.9396	1.8857	2.0328	2.0124	1.885	1.6834	3.2419	: 	1.4212 b	: 	: 	: 	: 	: 	: 	: 	: 	: 	: 	: 	: 	: 	: 	: 	: 	: 	: 	: 	: 	: 	: 	: 	: 	: 	: 	: 
"TOTAL,T,TOTAL,PC_EMP_HC,EA19"	: 	2.3098	: 	2.215 e	: 	2.1439	: 	2.0266	: 	1.8545 e	: 	1.7092 e	: 	1.6188 e	: 	1.5616 e	: 	: 	: 	: 	: 	: 	: 	: 	: 	: 	: 	: 	: 	: 	: 	: 	: 	: 	: 	: 	: 	: 	: 
"TOTAL,T,TOTAL,PC_EMP_HC,EE"	1.5046	1.5324	1.5088	1.6132	1.7487	1.7226	1.7267	1.7407	1.8383	1.7284	1.5223	1.4677	1.4045	1.3392	1.359	1.3058	1.2142	1.192	1.1539	1.1588	1.116	: 	: 	: 	: 	: 	: 	: 	: 	: 	: 	: 	: 	: 	: 	: 	: 	: 	: 
"TOTAL,T,TOTAL,PC_EMP_HC,EE0"	1.5046	1.5324	1.5088	1.6132	1.7487	1.7226	1.7267	1.7407	1.8383	1.7284	1.5223	1.4677	1.4045	1.3392	1.359	1.3058	1.2142	1.192	1.1539	1.1588	1.116	: 	: 	: 	: 	: 	: 	: 	: 	: 	: 	: 	: 	: 	: 	: 	: 	: 	: 
"TOTAL,T,TOTAL,PC_EMP_HC,EE00"	1.5046	1.5324	1.5088	1.6132	1.7487	1.7226	1.7267	1.7407	1.8383	1.7284	1.5223	1.4677	1.4045	1.3392	1.359	1.3058	1.2142	1.192	1.1539	1.1588	1.116	: 	: 	: 	: 	: 	: 	: 	: 	: 	: 	: 	: 	: 	: 	: 	: 	: 	: 
"TOTAL,T,TOTAL,PC_EMP_HC,EL"	: 	2.5675	: 	2.7063	: 	2.3904	: 	1.765 b	: 	: 	: 	: 	: 	1.4092	: 	1.3315	: 	1.3521	: 	1.4505	: 	1.1537	: 	0.9855	: 	0.8475	: 	: 	: 	: 	: 	: 	: 	: 	: 	: 	: 	: 	: 
"TOTAL,T,TOTAL,PC_EMP_HC,EL3"	: 	3.548	: 	3.5502	: 	2.7673	: 	1.8445 b	: 	: 	: 	: 	: 	1.7773	: 	1.7856	: 	: 	: 	: 	: 	: 	: 	: 	: 	: 	: 	: 	: 	: 	: 	: 	: 	: 	: 	: 	: 	: 	: 
"TOTAL,T,TOTAL,PC_EMP_HC,EL30"	: 	3.548	: 	3.5502	: 	2.7673	: 	1.8445 b	: 	: 	: 	: 	: 	1.7773	: 	1.7856	: 	: 	: 	: 	: 	: 	: 	: 	: 	: 	: 	: 	: 	: 	: 	: 	: 	: 	: 	: 	: 	: 	: 
"TOTAL,T,TOTAL,PC_EMP_HC,EL4"	: 	2.1304	: 	2.2842	: 	2.4283	: 	2.0159 b	: 	: 	: 	: 	: 	1.2142	: 	1.2308	: 	: 	: 	: 	: 	: 	: 	: 	: 	: 	: 	: 	: 	: 	: 	: 	: 	: 	: 	: 	: 	: 	: 
"TOTAL,T,TOTAL,PC_EMP_HC,EL41"	: 	2.0605	: 	2.3431	: 	2.3841	: 	2.4791 b	: 	: 	: 	: 	: 	1.1299	: 	1.1591	: 	: 	: 	: 	: 	: 	: 	: 	: 	: 	: 	: 	: 	: 	: 	: 	: 	: 	: 	: 	: 	: 	: 
"TOTAL,T,TOTAL,PC_EMP_HC,EL42"	: 	0.7698	: 	0.7309	: 	0.9967	: 	0.8814 b	: 	: 	: 	: 	: 	0.4931	: 	0.5223	: 	: 	: 	: 	: 	: 	: 	: 	: 	: 	: 	: 	: 	: 	: 	: 	: 	: 	: 	: 	: 	: 	: 
"TOTAL,T,TOTAL,PC_EMP_HC,EL43"	: 	2.891	: 	3.2487	: 	3.2602	: 	2.4889 b	: 	: 	: 	: 	: 	1.5942	: 	1.6155	: 	: 	: 	: 	: 	: 	: 	: 	: 	: 	: 	: 	: 	: 	: 	: 	: 	: 	: 	: 	: 	: 	: 
"TOTAL,T,TOTAL,PC_EMP_HC,EL5"	: 	2.1244	: 	2.3791	: 	2.5176	: 	1.8866 b	: 	: 	: 	: 	: 	: 	: 	: 	: 	: 	: 	: 	: 	: 	: 	: 	: 	: 	: 	: 	: 	: 	: 	: 	: 	: 	: 	: 	: 	: 	: 
"TOTAL,T,TOTAL,PC_EMP_HC,EL51"	: 	1.5496	: 	1.8332	: 	2.2038	: 	1.713 b	: 	: 	: 	: 	: 	1.0344	: 	0.8269	: 	: 	: 	: 	: 	: 	: 	: 	: 	: 	: 	: 	: 	: 	: 	: 	: 	: 	: 	: 	: 	: 	: 
"TOTAL,T,TOTAL,PC_EMP_HC,EL52"	: 	2.2775	: 	2.4825	: 	2.4875	: 	1.8382 b	: 	: 	: 	: 	: 	1.6506	: 	1.3207	: 	: 	: 	: 	: 	: 	: 	: 	: 	: 	: 	: 	: 	: 	: 	: 	: 	: 	: 	: 	: 	: 	: 
"TOTAL,T,TOTAL,PC_EMP_HC,EL53"	: 	1.3077	: 	1.7118	: 	1.2348	: 	1.6943 b	: 	: 	: 	: 	: 	0.3978	: 	0.4576	: 	: 	: 	: 	: 	: 	: 	: 	: 	: 	: 	: 	: 	: 	: 	: 	: 	: 	: 	: 	: 	: 	: 
"TOTAL,T,TOTAL,PC_EMP_HC,EL54"	: 	2.999	: 	3.3295	: 	4.1954	: 	2.5846 b	: 	: 	: 	: 	: 	2.1731	: 	1.4634	: 	: 	: 	: 	: 	: 	: 	: 	: 	: 	: 	: 	: 	: 	: 	: 	: 	: 	: 	: 	: 	: 	: 
"TOTAL,T,TOTAL,PC_EMP_HC,EL6"	: 	1.6282	: 	1.7968	: 	1.5267	: 	1.2676 b	: 	: 	: 	: 	: 	: 	: 	: 	: 	: 	: 	: 	: 	: 	: 	: 	: 	: 	: 	: 	: 	: 	: 	: 	: 	: 	: 	: 	: 	: 	: 
"TOTAL,T,TOTAL,PC_EMP_HC,EL61"	: 	1.7804	: 	1.6162	: 	1.4807	: 	2.0565 b	: 	: 	: 	: 	: 	0.6211	: 	0.8801	: 	: 	: 	: 	: 	: 	: 	: 	: 	: 	: 	: 	: 	: 	: 	: 	: 	: 	: 	: 	: 	: 	: 
"TOTAL,T,TOTAL,PC_EMP_HC,EL62"	: 	1.474	: 	1.6288	: 	1.1582	: 	0.6876 b	: 	: 	: 	: 	: 	0.4474	: 	0.3784	: 	: 	: 	: 	: 	: 	: 	: 	: 	: 	: 	: 	: 	: 	: 	: 	: 	: 	: 	: 	: 	: 	: 
"TOTAL,T,TOTAL,PC_EMP_HC,EL63"	: 	3.0461	: 	3.4011	: 	2.8515	: 	1.666 b	: 	: 	: 	: 	: 	1.3454	: 	1.5374	: 	: 	: 	: 	: 	: 	: 	: 	: 	: 	: 	: 	: 	: 	: 	: 	: 	: 	: 	: 	: 	: 	: 
"TOTAL,T,TOTAL,PC_EMP_HC,EL64"	: 	0.8	: 	0.9155	: 	0.9089	: 	0.5535 b	: 	: 	: 	: 	: 	0.3838	: 	0.2687	: 	: 	: 	: 	: 	: 	: 	: 	: 	: 	: 	: 	: 	: 	: 	: 	: 	: 	: 	: 	: 	: 	: 
"TOTAL,T,TOTAL,PC_EMP_HC,EL65"	: 	0.7571	: 	1.1884	: 	0.8777	: 	0.7187 b	: 	: 	: 	: 	: 	0.5992	: 	0.2719	: 	: 	: 	: 	: 	: 	: 	: 	: 	: 	: 	: 	: 	: 	: 	: 	: 	: 	: 	: 	: 	: 	: 
"TOTAL,T,TOTAL,PC_EMP_HC,ES"	1.9298	1.9	1.8798	1.9088	1.9341	1.9594	1.962	1.937	1.9394	1.8927	1.7356	1.6206	1.5657	1.4831	1.4859	1.4393	1.3905	1.3031	: 	1.2219	: 	1.1706	: 	1.186	1.1108	1.004	: 	: 	: 	: 	: 	: 	: 	: 	: 	: 	: 	: 	: 
"TOTAL,T,TOTAL,PC_EMP_HC,ES1"	1.6737	1.6759	1.5942	1.6386	1.6923	1.7508	1.6586	1.6256	1.6669	1.6464	1.5559	1.5172	1.4134	1.2779	1.3188	1.2396	1.2237	1.1289	: 	0.9447	: 	: 	: 	: 	: 	: 	: 	: 	: 	: 	: 	: 	: 	: 	: 	: 	: 	: 	: 
"TOTAL,T,TOTAL,PC_EMP_HC,ES11"	1.7802	1.7576	1.6355	1.6651	1.7366	1.7597	1.6539	1.5745	1.6353	1.6685	1.6344	1.6138	1.4612	1.4084	1.4473	1.3911	1.3017	1.1625	: 	0.9805	: 	: 	: 	: 	: 	: 	: 	: 	: 	: 	: 	: 	: 	: 	: 	: 	: 	: 	: 
"TOTAL,T,TOTAL,PC_EMP_HC,ES12"	1.4386	1.536	1.5019	1.5999	1.6597	1.8105	1.686	1.7487	1.7682	1.6584	1.4455	1.3868	1.3437	1.1794	1.2369	1.135	1.2683	1.0805	: 	0.8582	: 	: 	: 	: 	: 	: 	: 	: 	: 	: 	: 	: 	: 	: 	: 	: 	: 	: 	: 
"TOTAL,T,TOTAL,PC_EMP_HC,ES13"	1.5801	1.5462	1.5632	1.5846	1.5513	1.6112	1.6345	1.6515	1.639	1.5247	1.389	1.294	1.3103	0.832	0.8509	0.6848	0.7673	1.0476	: 	0.9148	: 	: 	: 	: 	: 	: 	: 	: 	: 	: 	: 	: 	: 	: 	: 	: 	: 	: 	: 
"TOTAL,T,TOTAL,PC_EMP_HC,ES2"	2.7145	2.6243	2.5879	2.6582	2.6814	2.7052	2.712	2.5745	2.4907	2.5285	2.2696	2.1305	1.976	1.8242	1.8634	1.7063	1.5473	1.4314	: 	1.2543	: 	: 	: 	: 	: 	: 	: 	: 	: 	: 	: 	: 	: 	: 	: 	: 	: 	: 	: 
"TOTAL,T,TOTAL,PC_EMP_HC,ES21"	3.4014	3.2583	3.1771	3.305	3.298	3.304	3.3086	2.9988	2.8189	2.9319	2.6132	2.4693	2.1318	2.0613	2.0616	1.8432	1.7376	1.6044	: 	1.3831	: 	: 	: 	: 	: 	: 	: 	: 	: 	: 	: 	: 	: 	: 	: 	: 	: 	: 	: 
"TOTAL,T,TOTAL,PC_EMP_HC,ES22"	2.7318	2.6754	2.6393	2.6319	2.5951	2.74	2.7343	2.8391	2.9168	2.9195	2.6676	2.4359	2.5986	2.2624	2.3296	2.1949	1.7926	1.5717	: 	1.4907	: 	: 	: 	: 	: 	: 	: 	: 	: 	: 	: 	: 	: 	: 	: 	: 	: 	: 	: 
"TOTAL,T,TOTAL,PC_EMP_HC,ES23"	1.8587	1.997	2.0173	1.9732	2.0323	2.0094	2.1553	2.0969	2.0771	1.9887	1.7177	1.6594	1.3662	1.1059	1.2783	1.2047	1.029	0.9322	: 	0.639	: 	: 	: 	: 	: 	: 	: 	: 	: 	: 	: 	: 	: 	: 	: 	: 	: 	: 	: 
"TOTAL,T,TOTAL,PC_EMP_HC,ES24"	1.8062	1.7342	1.7407	1.7886	1.8579	1.8406	1.8439	1.8194	1.8181	1.8118	1.6581	1.5532	1.559	1.3944	1.4414	1.3457	1.2043	1.163	: 	1.0463	: 	: 	: 	: 	: 	: 	: 	: 	: 	: 	: 	: 	: 	: 	: 	: 	: 	: 	: 
"TOTAL,T,TOTAL,PC_EMP_HC,ES3"	2.6922	2.6803	2.6959	2.7207	2.7324	2.7522	2.7285	2.8607	2.9198	2.8688	2.6744	2.5579	2.4729	2.4097	2.4081	2.3619	2.4604	2.4976	: 	2.5381	: 	: 	: 	: 	: 	: 	: 	: 	: 	: 	: 	: 	: 	: 	: 	: 	: 	: 	: 
"TOTAL,T,TOTAL,PC_EMP_HC,ES30"	2.6922	2.6803	2.6959	2.7207	2.7324	2.7522	2.7285	2.8607	2.9198	2.8688	2.6744	2.5579	2.4729	2.4097	2.4081	2.3619	2.4604	2.4976	: 	2.5381	: 	: 	: 	: 	: 	: 	: 	: 	: 	: 	: 	: 	: 	: 	: 	: 	: 	: 	: 
"TOTAL,T,TOTAL,PC_EMP_HC,ES4"	1.3463	1.3168	1.2833	1.3217	1.3142	1.3377	1.4876	1.5048	1.4775	1.4223	1.3488	1.2134	1.1692	1.12	1.1179	1.0802	1.0696	1.0557	: 	0.9415	: 	: 	: 	: 	: 	: 	: 	: 	: 	: 	: 	: 	: 	: 	: 	: 	: 	: 	: 
"TOTAL,T,TOTAL,PC_EMP_HC,ES41"	1.8566	1.7879	1.7224	1.7906	1.8037	1.8129	1.9377	1.9979	1.9178	1.869	1.7995	1.6813	1.6332	1.5237	1.5609	1.4836	1.4878	1.4728	: 	1.2823	: 	: 	: 	: 	: 	: 	: 	: 	: 	: 	: 	: 	: 	: 	: 	: 	: 	: 	: 
"TOTAL,T,TOTAL,PC_EMP_HC,ES42"	0.8523	0.8421	0.8586	0.8437	0.8109	0.7789	1.045	1.0645	1.0958	1.0669	0.9697	0.8081	0.7435	0.736	0.7111	0.7016	0.6979	0.6393	: 	0.6078	: 	: 	: 	: 	: 	: 	: 	: 	: 	: 	: 	: 	: 	: 	: 	: 	: 	: 	: 
"TOTAL,T,TOTAL,PC_EMP_HC,ES43"	1.0718	1.0802	0.9964	1.0645	1.0549	1.2274	1.1702	1.1177	1.1069	0.9869	0.9632	0.8383	0.8124	0.8148	0.7593	0.7598	0.6687	0.7267	: 	0.632	: 	: 	: 	: 	: 	: 	: 	: 	: 	: 	: 	: 	: 	: 	: 	: 	: 	: 	: 
"TOTAL,T,TOTAL,PC_EMP_HC,ES5"	1.9686	1.9136	1.9026	1.8972	1.9392	1.9272	1.928	1.8666	1.8776	1.8307	1.6602	1.5272	1.4693	1.3968	1.4295	1.3918	1.2926	1.1035	: 	1.0325	: 	: 	: 	: 	: 	: 	: 	: 	: 	: 	: 	: 	: 	: 	: 	: 	: 	: 	: 
"TOTAL,T,TOTAL,PC_EMP_HC,ES51"	2.2687	2.1978	2.1743	2.1843	2.1842	2.2559	2.2365	2.0962	2.1427	2.1235	1.9511	1.7972	1.758	1.6251	1.7007	1.6476	1.5113	1.2538	: 	1.226	: 	: 	: 	: 	: 	: 	: 	: 	: 	: 	: 	: 	: 	: 	: 	: 	: 	: 	: 
"TOTAL,T,TOTAL,PC_EMP_HC,ES52"	1.8087	1.7673	1.7859	1.7464	1.8564	1.7042	1.7248	1.7396	1.6959	1.6225	1.4334	1.3101	1.2386	1.2384	1.2261	1.2198	1.1597	1.0361	: 	0.8759	: 	: 	: 	: 	: 	: 	: 	: 	: 	: 	: 	: 	: 	: 	: 	: 	: 	: 	: 
"TOTAL,T,TOTAL,PC_EMP_HC,ES53"	0.75	0.7247	0.6962	0.7174	0.7102	0.7064	0.7231	0.7998	0.8094	0.7029	0.6109	0.5823	0.4438	0.4455	0.3967	0.3307	0.3145	0.3274	: 	0.2596	: 	: 	: 	: 	: 	: 	: 	: 	: 	: 	: 	: 	: 	: 	: 	: 	: 	: 	: 
"TOTAL,T,TOTAL,PC_EMP_HC,ES6"	1.4966	1.4976	1.4733	1.5185	1.5289	1.5796	1.5329	1.4938	1.4819	1.4013	1.2726	1.1829	1.1958	1.0948	1.0761	1.0655	0.9538	0.99	: 	0.9495	: 	: 	: 	: 	: 	: 	: 	: 	: 	: 	: 	: 	: 	: 	: 	: 	: 	: 	: 
"TOTAL,T,TOTAL,PC_EMP_HC,ES61"	1.4854	1.4952	1.4751	1.5319	1.5571	1.6186	1.5652	1.5281	1.513	1.4296	1.3008	1.2021	1.2384	1.0893	1.0891	1.0732	0.9843	1.025	: 	0.9648	: 	: 	: 	: 	: 	: 	: 	: 	: 	: 	: 	: 	: 	: 	: 	: 	: 	: 	: 
"TOTAL,T,TOTAL,PC_EMP_HC,ES62"	1.6519	1.6228	1.5767	1.5698	1.5083	1.5195	1.4952	1.4438	1.4402	1.367	1.1983	1.1432	1.0387	1.1899	1.0759	1.0936	0.8814	0.9066	: 	0.9639	: 	: 	: 	: 	: 	: 	: 	: 	: 	: 	: 	: 	: 	: 	: 	: 	: 	: 	: 
"TOTAL,T,TOTAL,PC_EMP_HC,ES63"	: c	: c	: c	0.2677	0.28	0.1367	0.1687	0.1466	0.145	0.1232	0.3577	0.3061	0.3315	0.2793	0.2918	0.568 d	0 d	0	: 	: 	: 	: 	: 	: 	: 	: 	: 	: 	: 	: 	: 	: 	: 	: 	: 	: 	: 	: 	: 
"TOTAL,T,TOTAL,PC_EMP_HC,ES64"	: c	: c	: c	0.217	0.2593	0.248	0.2656	0.2395	0.2438	0.2338	0.5294	0.5481	0.4473	0.3303	0.3156	0 d	0 d	0	: 	: 	: 	: 	: 	: 	: 	: 	: 	: 	: 	: 	: 	: 	: 	: 	: 	: 	: 	: 	: 
"TOTAL,T,TOTAL,PC_EMP_HC,ES7"	0.7152	0.7242	0.7281	0.7302	0.7712	0.824	0.8641	0.8716	0.8654	0.7985	0.7702	0.7762	0.8386	0.866	0.8253	0.7964	0.8884	0.6784	: 	0.6397	: 	: 	: 	: 	: 	: 	: 	: 	: 	: 	: 	: 	: 	: 	: 	: 	: 	: 	: 
"TOTAL,T,TOTAL,PC_EMP_HC,ES70"	0.7152	0.7242	0.7281	0.7302	0.7712	0.824	0.8641	0.8716	0.8654	0.7985	0.7702	0.7762	0.8386	0.866	0.8253	0.7964	0.8884	0.6784	: 	0.6397	: 	: 	: 	: 	: 	: 	: 	: 	: 	: 	: 	: 	: 	: 	: 	: 	: 	: 	: 
"TOTAL,T,TOTAL,PC_EMP_HC,EU27_2020"	: 	2.1319	: 	2.0172 e	: 	1.9578	: 	1.8528	: 	1.6924 e	: 	1.5729 e	: 	1.514 e	: 	1.4616 e	: 	: 	: 	: 	: 	: 	: 	: 	: 	: 	: 	: 	: 	: 	: 	: 	: 	: 	: 	: 	: 	: 	: 
"TOTAL,T,TOTAL,PC_EMP_HC,EU28"	: 	2.1696	: 	2.0473 e	: 	1.9788	: 	1.8714	1.7893 e	1.7056 e	: 	1.5955 e	: 	1.535 e	: 	1.4847 e	: 	: 	: 	: 	: 	: 	: 	: 	: 	: 	: 	: 	: 	: 	: 	: 	: 	: 	: 	: 	: 	: 	: 
"TOTAL,T,TOTAL,PC_EMP_HC,FI"	2.9982	3.0221	3.0415	3.2133	3.24	3.2852	3.265	3.3285	3.3186	3.28	3.1754	3.2333	3.3076	3.2496	3.2702	3.1886	3.1062	2.9697	2.9686	2.9358	2.7829	2.6411	: 	: 	: 	: 	: 	: 	: 	: 	: 	: 	: 	: 	: 	: 	: 	: 	: 
"TOTAL,T,TOTAL,PC_EMP_HC,FI1"	2.9239	2.9523	2.9732	3.1401	: 	3.2284	3.213	3.2828	3.2862	3.2513	3.1496	3.2075	3.2873	3.2356	3.2334	3.1315	3.0537	2.9194	2.9218	2.8851	: 	: 	: 	: 	: 	: 	: 	: 	: 	: 	: 	: 	: 	: 	: 	: 	: 	: 	: 
"TOTAL,T,TOTAL,PC_EMP_HC,FI19"	2.5407	2.5684	2.5607	2.795	: 	2.8107	2.7807	2.8895	2.8753	2.8879	2.8408	2.8754	3.0777	2.9852	2.9221	2.7833	2.6686	2.5682	2.5469	: 	: 	: 	: 	: 	: 	: 	: 	: 	: 	: 	: 	: 	: 	: 	: 	: 	: 	: 	: 
"TOTAL,T,TOTAL,PC_EMP_HC,FI1B"	4.0295	4.0748	4.0819	4.3615	: 	4.3765	4.3723	4.4895	4.4835	4.4345	: 	: 	: 	: 	: 	: 	: 	: 	: 	: 	: 	: 	: 	: 	: 	: 	: 	: 	: 	: 	: 	: 	: 	: 	: 	: 	: 	: 	: 
"TOTAL,T,TOTAL,PC_EMP_HC,FI1C"	1.9192	1.9481	2.05	2.1487	: 	2.372	2.3137	2.3225	2.2744	2.1565	: 	: 	: 	: 	: 	: 	: 	: 	: 	: 	: 	: 	: 	: 	: 	: 	: 	: 	: 	: 	: 	: 	: 	: 	: 	: 	: 	: 	: 
"TOTAL,T,TOTAL,PC_EMP_HC,FI1D"	2.6089	2.6129	2.6118	2.6092	: 	2.7985	2.8515	2.8692	2.9615	2.9883	2.8472	3.0595	2.9591	2.8421	: 	: 	: 	: 	: 	: 	: 	: 	: 	: 	: 	: 	: 	: 	: 	: 	: 	: 	: 	: 	: 	: 	: 	: 	: 
"TOTAL,T,TOTAL,PC_EMP_HC,FI2"	0.5817	0.4231	0.4494	0.391	: 	0.7733	0.5124	0.6554	0.2181	0.3375	0.3677	0.3265	0.3494	0.2574	0.2758	0.2937	0.3083	0.2662	0.2633	0.1074	: 	: 	: 	: 	: 	: 	: 	: 	: 	: 	: 	: 	: 	: 	: 	: 	: 	: 	: 
"TOTAL,T,TOTAL,PC_EMP_HC,FI20"	0.5817	0.4231	0.4494	0.391	: 	0.7733	0.5124	0.6554	0.2181	0.3375	0.3677	0.3265	0.3494	0.2574	0.2758	0.2937	0.3083	0.2662	0.2633	0.1074	: 	: 	: 	: 	: 	: 	: 	: 	: 	: 	: 	: 	: 	: 	: 	: 	: 	: 	: 
"TOTAL,T,TOTAL,PC_EMP_HC,FR"	: 	2.3376 p	2.2824	: 	2.2055	2.2041	2.1657	2.077	2.0042 b	1.8369	1.7925	1.7219	1.7715	1.692	1.6851	1.6538	: 	: 	: 	: 	: 	: 	: 	: 	: 	: 	: 	: 	: 	: 	: 	: 	: 	: 	: 	: 	: 	: 	: 
"TOTAL,T,TOTAL,PC_EMP_HC,FR1"	: 	: 	: 	: 	: 	: 	: 	: 	: 	: 	: 	: 	: 	: 	: 	: 	: 	3.3928	2.9236	: 	: 	: 	: 	: 	: 	: 	: 	: 	: 	: 	: 	: 	: 	: 	: 	: 	: 	: 	: 
"TOTAL,T,TOTAL,PC_EMP_HC,FR10"	: 	: 	: 	: 	: 	: 	: 	: 	: 	: 	: 	: 	: 	: 	: 	: 	: 	3.3928	2.9236	: 	: 	: 	: 	: 	: 	: 	: 	: 	: 	: 	: 	: 	: 	: 	: 	: 	: 	: 	: 
"TOTAL,T,TOTAL,PC_EMP_HC,FR2"	: 	: 	: 	: 	: 	: 	: 	: 	: 	: 	: 	: 	: 	: 	: 	: 	: 	0.9815	0.8982	: 	: 	: 	: 	: 	: 	: 	: 	: 	: 	: 	: 	: 	: 	: 	: 	: 	: 	: 	: 
"TOTAL,T,TOTAL,PC_EMP_HC,FR21"	: 	: 	: 	: 	: 	: 	: 	: 	: 	: 	: 	: 	: 	: 	: 	: 	: 	0.6236	0.5978	: 	: 	: 	: 	: 	: 	: 	: 	: 	: 	: 	: 	: 	: 	: 	: 	: 	: 	: 	: 
"TOTAL,T,TOTAL,PC_EMP_HC,FR22"	: 	: 	: 	: 	: 	: 	: 	: 	: 	: 	: 	: 	: 	: 	: 	: 	: 	0.8383	0.7158	: 	: 	: 	: 	: 	: 	: 	: 	: 	: 	: 	: 	: 	: 	: 	: 	: 	: 	: 	: 
"TOTAL,T,TOTAL,PC_EMP_HC,FR23"	: 	: 	: 	: 	: 	: 	: 	: 	: 	: 	: 	: 	: 	: 	: 	: 	: 	1.0399	0.9194	: 	: 	: 	: 	: 	: 	: 	: 	: 	: 	: 	: 	: 	: 	: 	: 	: 	: 	: 	: 
"TOTAL,T,TOTAL,PC_EMP_HC,FR24"	: 	: 	: 	: 	: 	: 	: 	: 	: 	: 	: 	: 	: 	: 	: 	: 	: 	1.2336	1.1762	: 	: 	: 	: 	: 	: 	: 	: 	: 	: 	: 	: 	: 	: 	: 	: 	: 	: 	: 	: 
"TOTAL,T,TOTAL,PC_EMP_HC,FR25"	: 	: 	: 	: 	: 	: 	: 	: 	: 	: 	: 	: 	: 	: 	: 	: 	: 	0.9813	0.9031	: 	: 	: 	: 	: 	: 	: 	: 	: 	: 	: 	: 	: 	: 	: 	: 	: 	: 	: 	: 
"TOTAL,T,TOTAL,PC_EMP_HC,FR26"	: 	: 	: 	: 	: 	: 	: 	: 	: 	: 	: 	: 	: 	: 	: 	: 	: 	0.9584	0.8714	: 	: 	: 	: 	: 	: 	: 	: 	: 	: 	: 	: 	: 	: 	: 	: 	: 	: 	: 	: 
"TOTAL,T,TOTAL,PC_EMP_HC,FR3"	: 	: 	: 	: 	: 	: 	: 	: 	: 	: 	: 	: 	: 	: 	: 	: 	: 	0.7554	0.637	: 	: 	: 	: 	: 	: 	: 	: 	: 	: 	: 	: 	: 	: 	: 	: 	: 	: 	: 	: 
"TOTAL,T,TOTAL,PC_EMP_HC,FR30"	: 	: 	: 	: 	: 	: 	: 	: 	: 	: 	: 	: 	: 	: 	: 	: 	: 	0.7554	0.637	: 	: 	: 	: 	: 	: 	: 	: 	: 	: 	: 	: 	: 	: 	: 	: 	: 	: 	: 	: 
"TOTAL,T,TOTAL,PC_EMP_HC,FR4"	: 	: 	: 	: 	: 	: 	: 	: 	: 	: 	: 	: 	: 	: 	: 	: 	: 	1.2469	1.1241	: 	: 	: 	: 	: 	: 	: 	: 	: 	: 	: 	: 	: 	: 	: 	: 	: 	: 	: 	: 
"TOTAL,T,TOTAL,PC_EMP_HC,FR41"	: 	: 	: 	: 	: 	: 	: 	: 	: 	: 	: 	: 	: 	: 	: 	: 	: 	0.9969	0.867	: 	: 	: 	: 	: 	: 	: 	: 	: 	: 	: 	: 	: 	: 	: 	: 	: 	: 	: 	: 
"TOTAL,T,TOTAL,PC_EMP_HC,FR42"	: 	: 	: 	: 	: 	: 	: 	: 	: 	: 	: 	: 	: 	: 	: 	: 	: 	1.4347	1.2132	: 	: 	: 	: 	: 	: 	: 	: 	: 	: 	: 	: 	: 	: 	: 	: 	: 	: 	: 	: 
"TOTAL,T,TOTAL,PC_EMP_HC,FR43"	: 	: 	: 	: 	: 	: 	: 	: 	: 	: 	: 	: 	: 	: 	: 	: 	: 	1.4586	1.5092	: 	: 	: 	: 	: 	: 	: 	: 	: 	: 	: 	: 	: 	: 	: 	: 	: 	: 	: 	: 
"TOTAL,T,TOTAL,PC_EMP_HC,FR5"	: 	: 	: 	: 	: 	: 	: 	: 	: 	: 	: 	: 	: 	: 	: 	: 	: 	1.1172	0.9457	: 	: 	: 	: 	: 	: 	: 	: 	: 	: 	: 	: 	: 	: 	: 	: 	: 	: 	: 	: 
"TOTAL,T,TOTAL,PC_EMP_HC,FR51"	: 	: 	: 	: 	: 	: 	: 	: 	: 	: 	: 	: 	: 	: 	: 	: 	: 	1.0678	0.8239	: 	: 	: 	: 	: 	: 	: 	: 	: 	: 	: 	: 	: 	: 	: 	: 	: 	: 	: 	: 
"TOTAL,T,TOTAL,PC_EMP_HC,FR52"	: 	: 	: 	: 	: 	: 	: 	: 	: 	: 	: 	: 	: 	: 	: 	: 	: 	1.3048	1.2561	: 	: 	: 	: 	: 	: 	: 	: 	: 	: 	: 	: 	: 	: 	: 	: 	: 	: 	: 	: 
"TOTAL,T,TOTAL,PC_EMP_HC,FR53"	: 	: 	: 	: 	: 	: 	: 	: 	: 	: 	: 	: 	: 	: 	: 	: 	: 	0.8289	0.6294	: 	: 	: 	: 	: 	: 	: 	: 	: 	: 	: 	: 	: 	: 	: 	: 	: 	: 	: 	: 
"TOTAL,T,TOTAL,PC_EMP_HC,FR6"	: 	: 	: 	: 	: 	: 	: 	: 	: 	: 	: 	: 	: 	: 	: 	: 	: 	1.6503	1.4116	: 	: 	: 	: 	: 	: 	: 	: 	: 	: 	: 	: 	: 	: 	: 	: 	: 	: 	: 	: 
"TOTAL,T,TOTAL,PC_EMP_HC,FR61"	: 	: 	: 	: 	: 	: 	: 	: 	: 	: 	: 	: 	: 	: 	: 	: 	: 	1.1974	1.0606	: 	: 	: 	: 	: 	: 	: 	: 	: 	: 	: 	: 	: 	: 	: 	: 	: 	: 	: 	: 
"TOTAL,T,TOTAL,PC_EMP_HC,FR62"	: 	: 	: 	: 	: 	: 	: 	: 	: 	: 	: 	: 	: 	: 	: 	: 	: 	2.3952	1.9733	: 	: 	: 	: 	: 	: 	: 	: 	: 	: 	: 	: 	: 	: 	: 	: 	: 	: 	: 	: 
"TOTAL,T,TOTAL,PC_EMP_HC,FR63"	: 	: 	: 	: 	: 	: 	: 	: 	: 	: 	: 	: 	: 	: 	: 	: 	: 	0.8389	0.7441	: 	: 	: 	: 	: 	: 	: 	: 	: 	: 	: 	: 	: 	: 	: 	: 	: 	: 	: 	: 
"TOTAL,T,TOTAL,PC_EMP_HC,FR7"	: 	: 	: 	: 	: 	: 	: 	: 	: 	: 	: 	: 	: 	: 	: 	: 	: 	1.9755	1.7428	: 	: 	: 	: 	: 	: 	: 	: 	: 	: 	: 	: 	: 	: 	: 	: 	: 	: 	: 	: 
"TOTAL,T,TOTAL,PC_EMP_HC,FR71"	: 	: 	: 	: 	: 	: 	: 	: 	: 	: 	: 	: 	: 	: 	: 	: 	: 	2.0307	1.7899	: 	: 	: 	: 	: 	: 	: 	: 	: 	: 	: 	: 	: 	: 	: 	: 	: 	: 	: 	: 
"TOTAL,T,TOTAL,PC_EMP_HC,FR72"	: 	: 	: 	: 	: 	: 	: 	: 	: 	: 	: 	: 	: 	: 	: 	: 	: 	1.7105	1.5221	: 	: 	: 	: 	: 	: 	: 	: 	: 	: 	: 	: 	: 	: 	: 	: 	: 	: 	: 	: 
"TOTAL,T,TOTAL,PC_EMP_HC,FR8"	: 	: 	: 	: 	: 	: 	: 	: 	: 	: 	: 	: 	: 	: 	: 	: 	: 	1.8981	1.5883	: 	: 	: 	: 	: 	: 	: 	: 	: 	: 	: 	: 	: 	: 	: 	: 	: 	: 	: 	: 
"TOTAL,T,TOTAL,PC_EMP_HC,FR81"	: 	: 	: 	: 	: 	: 	: 	: 	: 	: 	: 	: 	: 	: 	: 	: 	: 	1.9721	1.6493	: 	: 	: 	: 	: 	: 	: 	: 	: 	: 	: 	: 	: 	: 	: 	: 	: 	: 	: 	: 
"TOTAL,T,TOTAL,PC_EMP_HC,FR82"	: 	: 	: 	: 	: 	: 	: 	: 	: 	: 	: 	: 	: 	: 	: 	: 	: 	1.8876	1.5971	: 	: 	: 	: 	: 	: 	: 	: 	: 	: 	: 	: 	: 	: 	: 	: 	: 	: 	: 	: 
"TOTAL,T,TOTAL,PC_EMP_HC,FR83"	: 	: 	: 	: 	: 	: 	: 	: 	: 	: 	: 	: 	: 	: 	: 	: 	: 	1.0207	0.5028	: 	: 	: 	: 	: 	: 	: 	: 	: 	: 	: 	: 	: 	: 	: 	: 	: 	: 	: 	: 
"TOTAL,T,TOTAL,PC_EMP_HC,FRA"	: 	: 	: 	: 	: 	: 	: 	: 	: 	: 	: 	: 	: 	: 	: 	: 	: 	0.5974	: 	: 	: 	: 	: 	: 	: 	: 	: 	: 	: 	: 	: 	: 	: 	: 	: 	: 	: 	: 	: 
"TOTAL,T,TOTAL,PC_EMP_HC,HR"	1.3022	1.2233	1.189	1.1134	1.0732	1.1381	1.1048	1.0895	1.1194	1.0598	1.0161	1.007	1.0718	1.06	1.3107	1.1578	1.1212	: 	: 	: 	: 	: 	: 	: 	: 	: 	: 	: 	: 	: 	: 	: 	: 	: 	: 	: 	: 	: 	: 
"TOTAL,T,TOTAL,PC_EMP_HC,HR0"	1.2825	1.2066	1.1719	1.0949	1.0569	1.1157	1.0779	1.0621	1.0921	1.0303	0.99	0.9839	1.0324	1.0189	1.247	1.1194	1.086	: 	: 	: 	: 	: 	: 	: 	: 	: 	: 	: 	: 	: 	: 	: 	: 	: 	: 	: 	: 	: 	: 
"TOTAL,T,TOTAL,PC_EMP_HC,HR03"	0.8366	0.8081	0.7803	0.6881	0.7089	0.7917	0.78	0.7739	0.7467	0.6979	0.6754	: 	: 	: 	: 	: 	: 	: 	: 	: 	: 	: 	: 	: 	: 	: 	: 	: 	: 	: 	: 	: 	: 	: 	: 	: 	: 	: 	: 
"TOTAL,T,TOTAL,PC_EMP_HC,HR04"	1.4893	1.4013	1.356	1.2894	1.2264	1.2688	1.219	1.1949	1.2543	1.1828	1.1334	: 	: 	: 	: 	: 	: 	: 	: 	: 	: 	: 	: 	: 	: 	: 	: 	: 	: 	: 	: 	: 	: 	: 	: 	: 	: 	: 	: 
"TOTAL,T,TOTAL,PC_EMP_HC,HU"	1.7998 b	1.3934	1.268	1.3466	1.405	1.5087	1.4892	1.4873	1.4588	1.413	1.3169	1.278	1.2913	1.2819	1.2804 b	1.2492 d	1.2656 d	1.1864 d	1.1909	1.1167 d	1.1298 d	1.1084 d	: 	: 	: 	: 	: 	: 	: 	: 	: 	: 	: 	: 	: 	: 	: 	: 	: 
"TOTAL,T,TOTAL,PC_EMP_HC,HU1"	3.4149 b	2.5735	2.3688	2.5894	2.6061	2.656	2.5854	2.6616	2.6286	2.4753	2.3301	2.306	2.2768	2.2208	2.2305	2.287	2.3361	2.2333	2.3033	2.0832	: 	: 	: 	: 	: 	: 	: 	: 	: 	: 	: 	: 	: 	: 	: 	: 	: 	: 	: 
"TOTAL,T,TOTAL,PC_EMP_HC,HU10"	: 	: 	2.3688	2.5894	2.6061	2.656	2.5854	2.6616	2.6286	2.4753	2.3301	2.306	2.2768	2.2208	2.2305	2.287	2.3361	2.2333	2.3033	2.0832	: 	: 	: 	: 	: 	: 	: 	: 	: 	: 	: 	: 	: 	: 	: 	: 	: 	: 	: 
"TOTAL,T,TOTAL,PC_EMP_HC,HU11"	5.2869 b	3.9032	: 	: 	: 	: 	: 	: 	: 	: 	: 	: 	: 	: 	: 	: 	: 	: 	: 	: 	: 	: 	: 	: 	: 	: 	: 	: 	: 	: 	: 	: 	: 	: 	: 	: 	: 	: 	: 
"TOTAL,T,TOTAL,PC_EMP_HC,HU12"	0.7925 b	0.6284	: 	: 	: 	: 	: 	: 	: 	: 	: 	: 	: 	: 	: 	: 	: 	: 	: 	: 	: 	: 	: 	: 	: 	: 	: 	: 	: 	: 	: 	: 	: 	: 	: 	: 	: 	: 	: 
"TOTAL,T,TOTAL,PC_EMP_HC,HU2"	1.0289 b	0.7856	0.6628	0.6746	0.7382	0.8663	0.8554	0.8088	0.7807	0.784	0.7552	0.6759	0.7865	0.7573	0.7825	0.6547	0.6502	0.6527	0.6356	0.5451	: 	: 	: 	: 	: 	: 	: 	: 	: 	: 	: 	: 	: 	: 	: 	: 	: 	: 	: 
"TOTAL,T,TOTAL,PC_EMP_HC,HU21"	0.9257 b	0.7437	0.6852	0.704	0.7428	0.8461	0.9091	0.6923	0.6375	0.6373	0.5753	0.5567	0.6061	0.5778	0.5752	0.5657	0.5351	0.5144	0.5672	0.4641	: 	: 	: 	: 	: 	: 	: 	: 	: 	: 	: 	: 	: 	: 	: 	: 	: 	: 	: 
"TOTAL,T,TOTAL,PC_EMP_HC,HU22"	0.9367 b	0.6648	0.5523	0.5657	0.6876	0.8055	0.6919	0.8068	0.7883	0.7655	0.6598	0.6237	0.6122	0.5464	0.5328	0.5461	0.6195	0.6381	0.5154	0.512	: 	: 	: 	: 	: 	: 	: 	: 	: 	: 	: 	: 	: 	: 	: 	: 	: 	: 	: 
"TOTAL,T,TOTAL,PC_EMP_HC,HU23"	1.2853 b	0.9954	0.7696	0.7703	0.7946	0.9669	0.9905	0.9694	0.9537	0.9955	1.1236	0.9092	1.239	1.2443	1.3505	0.9015	0.8399	0.8464	0.8694	0.6893	: 	: 	: 	: 	: 	: 	: 	: 	: 	: 	: 	: 	: 	: 	: 	: 	: 	: 	: 
"TOTAL,T,TOTAL,PC_EMP_HC,HU3"	0.9877 b	0.831	0.7738	0.8097	0.8985	1.014	1.0232	1.197	0.988	0.9754	0.877	0.8758	0.8581	0.901	0.8849	0.8865	0.897	0.7865	0.7388	0.7933	: 	: 	: 	: 	: 	: 	: 	: 	: 	: 	: 	: 	: 	: 	: 	: 	: 	: 	: 
"TOTAL,T,TOTAL,PC_EMP_HC,HU31"	0.584 b	0.5293	0.4561	0.5024	0.5572	0.7044	0.6826	0.6721	0.7008	0.685	0.5815	0.5843	0.5643	0.53	0.5648	0.5444	0.5968	0.5044	0.4462	0.453	: 	: 	: 	: 	: 	: 	: 	: 	: 	: 	: 	: 	: 	: 	: 	: 	: 	: 	: 
"TOTAL,T,TOTAL,PC_EMP_HC,HU32"	0.9087 b	0.8246	0.7832	0.7992	0.8374	0.9288	1.0403	1.0078	1.008	1.0083	0.9654	0.9394	0.8485	0.9411	0.9183	0.873	0.8707	0.8307	0.8548	0.8106	: 	: 	: 	: 	: 	: 	: 	: 	: 	: 	: 	: 	: 	: 	: 	: 	: 	: 	: 
"TOTAL,T,TOTAL,PC_EMP_HC,HU33"	1.4273 b	1.0963	1.0331	1.0863	1.258	1.3669	1.2813	1.2791	1.203	1.185	1.0341	1.0574	1.1239	1.1771	1.1308	1.209	1.186	0.98	0.8696	1.0591	: 	: 	: 	: 	: 	: 	: 	: 	: 	: 	: 	: 	: 	: 	: 	: 	: 	: 	: 
"TOTAL,T,TOTAL,PC_EMP_HC,IE"	: 	2.3746	: 	2.3435	: 	2.5177	1.2399	1.9681	1.7898 e	1.7195	1.5126	1.4174	1.4332	1.4128	1.3904	1.3611	1.3491	1.3538	1.2116	: 	: 	: 	: 	: 	: 	: 	: 	: 	: 	: 	: 	: 	: 	: 	: 	: 	: 	: 	: 
"TOTAL,T,TOTAL,PC_EMP_HC,IE0"	: 	2.2998	: 	2.3932	: 	2.1204	: 	1.9177	1.7465 e	1.681	1.4803	1.389	1.4657	1.4483	1.4478	1.4048	1.3883	: 	1.2621	: 	: 	: 	: 	: 	: 	: 	: 	: 	: 	: 	: 	: 	: 	: 	: 	: 	: 	: 	: 
"TOTAL,T,TOTAL,PC_EMP_HC,IE01"	: 	3.6936	: 	1.1366	: 	1.3787	: 	1.3437	1.5812 e	1.5199	1.3234	1.2331	1.349	1.3292	1.1	0.98	0.9938	: 	: 	: 	: 	: 	: 	: 	: 	: 	: 	: 	: 	: 	: 	: 	: 	: 	: 	: 	: 	: 	: 
"TOTAL,T,TOTAL,PC_EMP_HC,IE02"	: 	2.1011	: 	2.8186	: 	2.3749	: 	2.1129	1.803 e	1.7359	1.5341	1.4429	1.5058	1.4894	1.567	1.5467	1.5183	: 	: 	: 	: 	: 	: 	: 	: 	: 	: 	: 	: 	: 	: 	: 	: 	: 	: 	: 	: 	: 	: 
"TOTAL,T,TOTAL,PC_EMP_HC,IS"	3.2984	3.3885	3.3817	3.3138	: 	2.9727 b	: 	3.0138 b	: 	3.1944	3.3562	3.2306	3.8079	3.7169	: 	3.6685	: 	: 	: 	: 	: 	: 	: 	: 	: 	: 	: 	: 	: 	: 	: 	: 	: 	: 	: 	: 	: 	: 	: 
"TOTAL,T,TOTAL,PC_EMP_HC,IS0"	3.2984	3.3885	3.3817	3.3138	: 	2.9727 b	: 	3.0138 b	: 	3.1944	3.3562	3.2306	3.8079	3.7169	: 	3.6685	: 	: 	: 	: 	: 	: 	: 	: 	: 	: 	: 	: 	: 	: 	: 	: 	: 	: 	: 	: 	: 	: 	: 
"TOTAL,T,TOTAL,PC_EMP_HC,IS00"	3.2984	3.3885	3.3817	3.3138	: 	2.9727 b	: 	3.0138 b	: 	3.1944	3.3562	3.2306	3.8079	3.7169	: 	3.6685	: 	: 	: 	: 	: 	: 	: 	: 	: 	: 	: 	: 	: 	: 	: 	: 	: 	: 	: 	: 	: 	: 	: 
"TOTAL,T,TOTAL,PC_EMP_HC,IT"	2.3316	2.1507	1.9571 b	1.7731	1.7016	1.712	1.6448	1.562	1.5719	1.588	1.5563	1.4856	1.3672	1.2573	1.1605	1.151	1.1783	1.1152	1.1021	1.0589	1.1004	: 	0.9384	0.9322	0.925	0.8913	: 	: 	: 	: 	: 	: 	: 	: 	: 	: 	: 	: 	: 
"TOTAL,T,TOTAL,PC_EMP_HC,ITC"	2.4955	2.2778	2.1028 b	1.8626	1.7991	1.8118	1.8123	1.7343	1.7425	1.682	1.6371	1.5416	: 	1.2763	1.1936	1.174	: 	: 	1.2443	: 	: 	: 	: 	: 	: 	: 	: 	: 	: 	: 	: 	: 	: 	: 	: 	: 	: 	: 	: 
"TOTAL,T,TOTAL,PC_EMP_HC,ITC1"	2.5729	2.3781	2.2451 b	2.0751	1.9424	1.9527	1.7829	1.6556	1.69	1.6954	1.5971	1.609	: 	1.3911	1.3484	1.3049	: 	: 	1.1738	: 	: 	: 	: 	: 	: 	: 	: 	: 	: 	: 	: 	: 	: 	: 	: 	: 	: 	: 	: 
"TOTAL,T,TOTAL,PC_EMP_HC,ITC2"	1.0709	1.0676	1.0386 b	0.8175	0.7931 e	0.9634	1.0072	1.0143	1.0477	1.0768	0.9754	0.8275	: 	0.6642	0.6128	0.5719	: 	: 	0.6007	: 	: 	: 	: 	: 	: 	: 	: 	: 	: 	: 	: 	: 	: 	: 	: 	: 	: 	: 	: 
"TOTAL,T,TOTAL,PC_EMP_HC,ITC3"	1.8837	1.8005	1.7508 b	1.6371	1.5455	1.6125	1.779	1.7602	1.7016	1.6826	1.4906	1.3301	: 	1.2109	1.1793	1.1287	: 	: 	1.1446	: 	: 	: 	: 	: 	: 	: 	: 	: 	: 	: 	: 	: 	: 	: 	: 	: 	: 	: 	: 
"TOTAL,T,TOTAL,PC_EMP_HC,ITC4"	2.5654	2.3168	2.1063 b	1.8187	1.7881	1.7922	1.8407	1.7747	1.7809	1.6841	1.6851	1.5536	: 	1.2441	1.1359	1.1301	: 	: 	1.3009	: 	: 	: 	: 	: 	: 	: 	: 	: 	: 	: 	: 	: 	: 	: 	: 	: 	: 	: 	: 
"TOTAL,T,TOTAL,PC_EMP_HC,ITF"	1.5654	1.4074	: c	: c	1.1646	1.1543	1.0643	1.0025	1.0169	1.0898	1.0827	1.0532	: 	0.951	0.8846	0.8919	: 	: 	0.7226	: 	: 	: 	: 	: 	: 	: 	: 	: 	: 	: 	: 	: 	: 	: 	: 	: 	: 	: 	: 
"TOTAL,T,TOTAL,PC_EMP_HC,ITF1"	1.5033	1.4505	1.2887 b	1.1792	1.1187	1.1015	0.9732	0.9766	1.0169	1.0362	1.036	1.1294	: 	1.0937	1.0593	1.0287	: 	: 	0.8626	: 	: 	: 	: 	: 	: 	: 	: 	: 	: 	: 	: 	: 	: 	: 	: 	: 	: 	: 	: 
"TOTAL,T,TOTAL,PC_EMP_HC,ITF2"	1.5629	1.3699	: c	: c	0.9851	1.0456	0.7479	: c	0.7528	0.8687	0.775	0.8564	: 	0.8066	0.5825	0.5357	: 	: 	0.348	: 	: 	: 	: 	: 	: 	: 	: 	: 	: 	: 	: 	: 	: 	: 	: 	: 	: 	: 	: 
"TOTAL,T,TOTAL,PC_EMP_HC,ITF3"	1.9891	1.6879	1.5254 b	1.5336	1.4622	1.4416	1.4164	1.3224	1.341	1.4778	1.4321	1.2815	: 	1.1677	1.0898	1.1624	: 	: 	0.9806	: 	: 	: 	: 	: 	: 	: 	: 	: 	: 	: 	: 	: 	: 	: 	: 	: 	: 	: 	: 
"TOTAL,T,TOTAL,PC_EMP_HC,ITF4"	1.3021	1.229	1.0995 b	1.0943	1.0494	1.0292	0.9385	0.8829	0.8439	0.8905	0.8996	0.9784	: 	0.853	0.798	0.749	: 	: 	0.5443	: 	: 	: 	: 	: 	: 	: 	: 	: 	: 	: 	: 	: 	: 	: 	: 	: 	: 	: 	: 
"TOTAL,T,TOTAL,PC_EMP_HC,ITF5"	1.0337	1.0096	: c	0.8088	0.7111	0.7559	0.756	: c	0.7589	0.8118	0.8856	0.8307	: 	0.624	0.5906	0.6272	: 	: 	0.6767	: 	: 	: 	: 	: 	: 	: 	: 	: 	: 	: 	: 	: 	: 	: 	: 	: 	: 	: 	: 
"TOTAL,T,TOTAL,PC_EMP_HC,ITF6"	1.1058	1.0389	0.8362 b	0.8775	0.7627	0.7651	0.5803	0.5355	0.6175	0.6114	0.6504	0.6005	: 	0.5411	0.4738	0.4762	: 	: 	0.3442	: 	: 	: 	: 	: 	: 	: 	: 	: 	: 	: 	: 	: 	: 	: 	: 	: 	: 	: 	: 
"TOTAL,T,TOTAL,PC_EMP_HC,ITG"	1.1453	1.113	1.0842 b	1.1477	1.1451	1.145	1.0526	1.037	1.0089	1.0231	1.0456	1.0164	: 	1.0216	0.9494	0.9596	: 	: 	0.7281	: 	: 	: 	: 	: 	: 	: 	: 	: 	: 	: 	: 	: 	: 	: 	: 	: 	: 	: 	: 
"TOTAL,T,TOTAL,PC_EMP_HC,ITG1"	1.1961	1.1141	1.0722 b	1.1209	1.1577	1.143	1.0499	1.0374	1.0561	1.076	1.1068	1.0855	: 	1.0824	1.008	0.981	: 	: 	0.7206	: 	: 	: 	: 	: 	: 	: 	: 	: 	: 	: 	: 	: 	: 	: 	: 	: 	: 	: 	: 
"TOTAL,T,TOTAL,PC_EMP_HC,ITG2"	1.0263	1.1103	1.113 b	1.2118	1.1149	1.1497	1.0591	1.0361	0.8925	0.8904	0.8953	0.8475	: 	0.8713	0.8081	0.9039	: 	: 	0.7478	: 	: 	: 	: 	: 	: 	: 	: 	: 	: 	: 	: 	: 	: 	: 	: 	: 	: 	: 	: 
"TOTAL,T,TOTAL,PC_EMP_HC,ITH"	2.8772	2.6971	2.4129 b	2.1033	1.9912	2.01	1.9045	1.794	1.7951	1.842	1.7981	1.6272	: 	1.184	1.0809	1.0381	: 	: 	0.8611	: 	: 	: 	: 	: 	: 	: 	: 	: 	: 	: 	: 	: 	: 	: 	: 	: 	: 	: 	: 
"TOTAL,T,TOTAL,PC_EMP_HC,ITH1"	1.3717	1.2987	1.1831 b	0.9873	0.915 e	0.9794	0.8839	0.9035	0.8702	0.8979	0.8097	0.8929	: 	0.4066	0.5185	0.4509	: 	: 	: 	: 	: 	: 	: 	: 	: 	: 	: 	: 	: 	: 	: 	: 	: 	: 	: 	: 	: 	: 	: 
"TOTAL,T,TOTAL,PC_EMP_HC,ITH2"	2.8513	2.7798	2.5809 b	2.7617	2.652	2.62	2.527	2.3063	2.1099	2.4453	2.402	1.7078	: 	1.3801	1.3582	1.3232	: 	: 	: 	: 	: 	: 	: 	: 	: 	: 	: 	: 	: 	: 	: 	: 	: 	: 	: 	: 	: 	: 	: 
"TOTAL,T,TOTAL,PC_EMP_HC,ITH3"	2.671	2.4104	2.1548 b	1.7861	1.6859	1.7359	1.6709	1.61	1.6333	1.7283	1.7406	1.4131	: 	0.8316	0.7464	0.7403	: 	: 	0.6009	: 	: 	: 	: 	: 	: 	: 	: 	: 	: 	: 	: 	: 	: 	: 	: 	: 	: 	: 	: 
"TOTAL,T,TOTAL,PC_EMP_HC,ITH4"	2.5209	2.4599	2.215 b	2.0359	1.9962	1.9499	2.0108	1.8925	1.866	2.0813	2.0025	1.7948	: 	1.6129	1.4859	1.3339	: 	: 	1.1677	: 	: 	: 	: 	: 	: 	: 	: 	: 	: 	: 	: 	: 	: 	: 	: 	: 	: 	: 	: 
"TOTAL,T,TOTAL,PC_EMP_HC,ITH5"	3.3839	3.2362	2.873 b	2.5225	2.3766	2.3779	2.1864	2.0175	2.031	1.9467	1.855	1.8932	: 	1.5284	: 	: 	: 	: 	: 	: 	: 	: 	: 	: 	: 	: 	: 	: 	: 	: 	: 	: 	: 	: 	: 	: 	: 	: 	: 
"TOTAL,T,TOTAL,PC_EMP_HC,ITI"	2.3588	2.1945	: c	: c	1.7641	1.804	1.7495	1.6627	1.6992	1.7482	1.7112	1.7479	: 	1.6083	1.4568	1.4754	: 	: 	1.2642	: 	: 	: 	: 	: 	: 	: 	: 	: 	: 	: 	: 	: 	: 	: 	: 	: 	: 	: 	: 
"TOTAL,T,TOTAL,PC_EMP_HC,ITI1"	2.3943	2.1445	1.9001 b	1.7524	1.6873	1.6988	1.6139	1.4811	1.3955	1.4549	1.4341	1.4263	: 	1.2801	1.169	1.1307	: 	: 	0.9297	: 	: 	: 	: 	: 	: 	: 	: 	: 	: 	: 	: 	: 	: 	: 	: 	: 	: 	: 	: 
"TOTAL,T,TOTAL,PC_EMP_HC,ITI2"	2.0259	1.8726	: c	: c	1.5176	1.4413	1.3471	1.3117	1.3659	1.3092	1.3361	1.3596	: 	1.2685	1.1353	1.1762	: 	: 	0.9836	: 	: 	: 	: 	: 	: 	: 	: 	: 	: 	: 	: 	: 	: 	: 	: 	: 	: 	: 	: 
"TOTAL,T,TOTAL,PC_EMP_HC,ITI3"	2.1468	2.1564	1.753 b	1.4195	1.4172	1.3367	1.3047	1.2139	1.2007	1.2018	1.2503	1.2659	: 	0.77	: 	: 	: 	: 	: 	: 	: 	: 	: 	: 	: 	: 	: 	: 	: 	: 	: 	: 	: 	: 	: 	: 	: 	: 	: 
"TOTAL,T,TOTAL,PC_EMP_HC,ITI4"	2.4415	2.2857	2.2107 b	2.0173	1.9467	2.0627	2.0355	1.9764	2.1117	2.1905	2.1095	2.1901	: 	2.154	1.9449	1.9921	: 	: 	1.7181	: 	: 	: 	: 	: 	: 	: 	: 	: 	: 	: 	: 	: 	: 	: 	: 	: 	: 	: 	: 
"TOTAL,T,TOTAL,PC_EMP_HC,KR"	: 	: 	: 	: 	: 	2.2713	2.2795	2.1908	2.0988	1.986	1.8502	1.799 b	1.58 d	1.4676 d	1.3845 d	1.3418 d	1.2621 d	1.2136 d	1.1213 d	1.0473 d	0.9991 d	0.9999 d	: 	: 	: 	: 	: 	: 	: 	: 	: 	: 	: 	: 	: 	: 	: 	: 	: 
"TOTAL,T,TOTAL,PC_EMP_HC,LT"	1.8573	1.8203	1.6961	1.6709	1.8998	1.7999	1.7768	1.8263	1.5452	1.4328	1.3313	1.2987	1.1658	1.1544	1.1732	1.0322	0.9819	1.1263	1.0651	1.0637	1.0644	1.0565	: 	: 	: 	: 	: 	: 	: 	: 	: 	: 	: 	: 	: 	: 	: 	: 	: 
"TOTAL,T,TOTAL,PC_EMP_HC,LT0"	1.8573	1.8203	1.6961	1.6709	1.8998	1.7999	1.7768	1.8263	1.5452	1.4328	1.3313	1.2987	1.1658	1.1544	1.1732	1.0322	0.9819	1.1263	1.0651	1.0637	1.0644	1.0565	: 	: 	: 	: 	: 	: 	: 	: 	: 	: 	: 	: 	: 	: 	: 	: 	: 
"TOTAL,T,TOTAL,PC_EMP_HC,LT00"	: 	: 	: 	: 	1.8998	1.7999	1.7768	1.8263	1.5452	1.4328	1.3313	1.2987	1.1658	1.1544	1.1732	1.0322	0.9819	1.1263	1.0651	1.0637	1.0644	1.0565	: 	: 	: 	: 	: 	: 	: 	: 	: 	: 	: 	: 	: 	: 	: 	: 	: 
"TOTAL,T,TOTAL,PC_EMP_HC,LT01"	2.8761	2.8729	2.8229	3.0103	: 	: 	: 	: 	: 	: 	: 	: 	: 	: 	: 	: 	: 	: 	: 	: 	: 	: 	: 	: 	: 	: 	: 	: 	: 	: 	: 	: 	: 	: 	: 	: 	: 	: 	: 
"TOTAL,T,TOTAL,PC_EMP_HC,LT02"	1.2729	1.2358	1.1213	1.0434	: 	: 	: 	: 	: 	: 	: 	: 	: 	: 	: 	: 	: 	: 	: 	: 	: 	: 	: 	: 	: 	: 	: 	: 	: 	: 	: 	: 	: 	: 	: 	: 	: 	: 	: 
"TOTAL,T,TOTAL,PC_EMP_HC,LU"	: 	2.5392	: 	2.5614	1.0914	2.4322	: 	2.7342	: 	2.674	: 	2.7345 e	: 	2.5984	: 	2.2231	: 	: 	: 	: 	: 	: 	: 	: 	: 	: 	: 	: 	: 	: 	: 	: 	: 	: 	: 	: 	: 	: 	: 
"TOTAL,T,TOTAL,PC_EMP_HC,LU0"	: 	2.5392	: 	2.5614	1.0914	2.4322	: 	2.7342	: 	2.674	: 	2.7345 e	: 	2.5984	: 	2.2231	: 	: 	: 	: 	: 	: 	: 	: 	: 	: 	: 	: 	: 	: 	: 	: 	: 	: 	: 	: 	: 	: 	: 
"TOTAL,T,TOTAL,PC_EMP_HC,LU00"	: 	2.5392	: 	2.5614	1.0914	2.4322	: 	2.7342	: 	2.674	: 	2.7345 e	: 	2.5984	: 	2.2231	: 	: 	: 	: 	: 	: 	: 	: 	: 	: 	: 	: 	: 	: 	: 	: 	: 	: 	: 	: 	: 	: 	: 
"TOTAL,T,TOTAL,PC_EMP_HC,LV"	1.3893	1.3101	1.2794	1.2999	1.2889	1.191	1.2664	1.2019	1.1066	1.0439	1.0593	1.0902	1.0822	1.0072	0.8839	0.8531	0.9842	0.9216	0.8954	0.6651	0.6368	0.6265	: 	: 	: 	: 	: 	: 	: 	: 	: 	: 	: 	: 	: 	: 	: 	: 	: 
"TOTAL,T,TOTAL,PC_EMP_HC,LV0"	1.3893	1.3101	1.2794	1.2999	1.2889	1.191	1.2664	1.2019	1.1066	1.0439	1.0593	1.0902	1.0822	1.0072	0.8839	0.8531	0.9842	0.9216	0.8954	0.6651	0.6368	0.6265	: 	: 	: 	: 	: 	: 	: 	: 	: 	: 	: 	: 	: 	: 	: 	: 	: 
"TOTAL,T,TOTAL,PC_EMP_HC,LV00"	1.3893	1.3101	1.2794	1.2999	1.2889	1.191	1.2664	1.2019	1.1066	1.0439	1.0593	1.0902	1.0822	1.0072	0.8839	0.8531	0.9842	0.9216	0.8954	0.6651	0.6368	0.6265	: 	: 	: 	: 	: 	: 	: 	: 	: 	: 	: 	: 	: 	: 	: 	: 	: 
"TOTAL,T,TOTAL,PC_EMP_HC,ME"	1.0312	0.9973	1.0018	1.0857 d	1.0981	1.115	: 	1.1057	: 	: 	: 	: 	: 	: 	: 	: 	: 	: 	: 	: 	: 	: 	: 	: 	: 	: 	: 	: 	: 	: 	: 	: 	: 	: 	: 	: 	: 	: 	: 
"TOTAL,T,TOTAL,PC_EMP_HC,ME0"	1.0312	0.9973	1.0018	1.0857 d	1.0981	1.115	: 	1.1057	: 	: 	: 	: 	: 	: 	: 	: 	: 	: 	: 	: 	: 	: 	: 	: 	: 	: 	: 	: 	: 	: 	: 	: 	: 	: 	: 	: 	: 	: 	: 
"TOTAL,T,TOTAL,PC_EMP_HC,ME00"	1.0312	0.9973	1.0018	1.0857 d	1.0981	1.115	: 	1.1057	: 	: 	: 	: 	: 	: 	: 	: 	: 	: 	: 	: 	: 	: 	: 	: 	: 	: 	: 	: 	: 	: 	: 	: 	: 	: 	: 	: 	: 	: 	: 
"TOTAL,T,TOTAL,PC_EMP_HC,MK"	0.5489	0.5544	0.6123	0.6149	: 	: 	0.4313	0.3485	0.4198	0.3873	0.4561	0.5063	0.522	: 	: 	: 	: 	: 	: 	: 	: 	: 	: 	: 	: 	: 	: 	: 	: 	: 	: 	: 	: 	: 	: 	: 	: 	: 	: 
"TOTAL,T,TOTAL,PC_EMP_HC,MK0"	0.5489	0.5544	0.6123	0.6149	: 	: 	0.4313	0.3485	0.4198	0.3873	0.4561	0.5063	0.522	: 	: 	: 	: 	: 	: 	: 	: 	: 	: 	: 	: 	: 	: 	: 	: 	: 	: 	: 	: 	: 	: 	: 	: 	: 	: 
"TOTAL,T,TOTAL,PC_EMP_HC,MK00"	0.5489	0.5544	0.6123	0.6149	: 	: 	0.4313	0.3485	0.4198	0.3873	0.4561	0.5063	0.522	: 	: 	: 	: 	: 	: 	: 	: 	: 	: 	: 	: 	: 	: 	: 	: 	: 	: 	: 	: 	: 	: 	: 	: 	: 	: 
"TOTAL,T,TOTAL,PC_EMP_HC,MT"	1.0692	1.1424	1.1746	1.2242	1.2358	1.2458	1.3532	1.3006	1.1294	0.9918	1.0696	1	1.0533	1.0081	0.9041 b	0.6633	0.7626	: 	: 	: 	: 	: 	: 	: 	: 	: 	: 	: 	: 	: 	: 	: 	: 	: 	: 	: 	: 	: 	: 
"TOTAL,T,TOTAL,PC_EMP_HC,MT0"	1.0692	1.1424	1.1746	1.2242	1.2358	1.2458	1.3532	1.3006	1.1294	0.9918	1.0696	1	1.0533	1.0081	0.9041 b	0.6633	0.7626	: 	: 	: 	: 	: 	: 	: 	: 	: 	: 	: 	: 	: 	: 	: 	: 	: 	: 	: 	: 	: 	: 
"TOTAL,T,TOTAL,PC_EMP_HC,MT00"	1.0692	1.1424	1.1746	1.2242	1.2358	1.2458	1.3532	1.3006	1.1294	0.9918	1.0696	1	1.0533	1.0081	0.9041 b	0.6633	0.7626	: 	: 	: 	: 	: 	: 	: 	: 	: 	: 	: 	: 	: 	: 	: 	: 	: 	: 	: 	: 	: 	: 
"TOTAL,T,TOTAL,PC_EMP_HC,NL"	2.54	2.5011	2.5231	2.4954	2.4283	2.4078 b	2.264 b	2.1112 b	1.5611	1.28	1.4242	1.4115	1.5505	1.5141	1.5323	1.393 b	1.4125	1.4254	1.4672	1.5134	: 	: 	: 	: 	: 	: 	: 	: 	: 	: 	: 	: 	: 	: 	: 	: 	: 	: 	: 
"TOTAL,T,TOTAL,PC_EMP_HC,NL1"	1.6254	1.6537	1.7627	1.7043	1.7128	1.5844 b	1.4121	1.4082	: 	0.7805 e	: 	0.7705 e	: 	0.866 e	: 	0.9078 e	0.7666 e	: 	: 	: 	: 	: 	: 	: 	: 	: 	: 	: 	: 	: 	: 	: 	: 	: 	: 	: 	: 	: 	: 
"TOTAL,T,TOTAL,PC_EMP_HC,NL11"	: c	: c	: c	: c	: c	: c	2.25	2.1612	: 	1.6479 e	: 	1.4656 e	: 	1.7837 e	: 	1.8342 e	1.506 e	: 	: 	: 	: 	: 	: 	: 	: 	: 	: 	: 	: 	: 	: 	: 	: 	: 	: 	: 	: 	: 	: 
"TOTAL,T,TOTAL,PC_EMP_HC,NL12"	: c	: c	: c	: c	: c	: c	1.0225	0.8976	: 	0.3991 e	: 	0.3823 e	: 	0.4292 e	: 	0.4633 e	0.4024 e	: 	: 	: 	: 	: 	: 	: 	: 	: 	: 	: 	: 	: 	: 	: 	: 	: 	: 	: 	: 	: 	: 
"TOTAL,T,TOTAL,PC_EMP_HC,NL13"	: c	: c	: c	: c	: c	: c	0.9226	1.1794	: 	0.2879 e	: 	0.4639 e	: 	0.3712 e	: 	0.4059 e	0.3525 e	: 	: 	: 	: 	: 	: 	: 	: 	: 	: 	: 	: 	: 	: 	: 	: 	: 	: 	: 	: 	: 	: 
"TOTAL,T,TOTAL,PC_EMP_HC,NL2"	2.2398	2.2909	2.3209	2.3307	2.2111	2.2097 b	2.2201	2.1558	: 	1.1902 e	: 	1.2126 e	: 	1.3618 e	: 	1.3149 e	1.3597 e	: 	: 	: 	: 	: 	: 	: 	: 	: 	: 	: 	: 	: 	: 	: 	: 	: 	: 	: 	: 	: 	: 
"TOTAL,T,TOTAL,PC_EMP_HC,NL21"	: c	: c	: c	: c	: c	: c	2.1203	2.2754	: 	1.1796 e	: 	1.1456 e	: 	1.0701 e	: 	1.1954 e	1.3037 e	: 	: 	: 	: 	: 	: 	: 	: 	: 	: 	: 	: 	: 	: 	: 	: 	: 	: 	: 	: 	: 	: 
"TOTAL,T,TOTAL,PC_EMP_HC,NL22"	: c	: c	: c	: c	: c	: c	2.3521	2.1578	: 	1.2641 e	: 	1.2821 e	: 	1.5946 e	: 	1.4649 e	1.4372 e	: 	: 	: 	: 	: 	: 	: 	: 	: 	: 	: 	: 	: 	: 	: 	: 	: 	: 	: 	: 	: 	: 
"TOTAL,T,TOTAL,PC_EMP_HC,NL23"	: c	: c	: c	: c	: c	: c	1.8354	1.8067	: 	0.8535 e	: 	1.0448 e	: 	0.9989 e	: 	0.8458 e	1.0877 e	: 	: 	: 	: 	: 	: 	: 	: 	: 	: 	: 	: 	: 	: 	: 	: 	: 	: 	: 	: 	: 	: 
"TOTAL,T,TOTAL,PC_EMP_HC,NL3"	2.5845	2.484	2.526	2.4658	2.3949	2.4427 b	2.2448	2.1333	: 	1.3117 e	: 	1.4758 e	: 	1.548 e	: 	1.4716 e	1.3804 e	: 	: 	: 	: 	: 	: 	: 	: 	: 	: 	: 	: 	: 	: 	: 	: 	: 	: 	: 	: 	: 	: 
"TOTAL,T,TOTAL,PC_EMP_HC,NL31"	: c	: c	: c	: c	: c	: c	2.4907	2.1975	: 	1.6149 e	: 	2.13 e	: 	2.1748 e	: 	1.954 e	1.7125 e	: 	: 	: 	: 	: 	: 	: 	: 	: 	: 	: 	: 	: 	: 	: 	: 	: 	: 	: 	: 	: 	: 
"TOTAL,T,TOTAL,PC_EMP_HC,NL32"	: c	: c	: c	: c	: c	: c	2.5042	2.399	: 	1.3287 e	: 	1.4691 e	: 	1.5038 e	: 	1.5696 e	1.4695 e	: 	: 	: 	: 	: 	: 	: 	: 	: 	: 	: 	: 	: 	: 	: 	: 	: 	: 	: 	: 	: 	: 
"TOTAL,T,TOTAL,PC_EMP_HC,NL33"	: c	: c	: c	: c	: c	: c	2.0762	2.0285	: 	1.2795 e	: 	1.3368 e	: 	1.471 e	: 	1.3205 e	1.2831 e	: 	: 	: 	: 	: 	: 	: 	: 	: 	: 	: 	: 	: 	: 	: 	: 	: 	: 	: 	: 	: 	: 
"TOTAL,T,TOTAL,PC_EMP_HC,NL34"	: c	: c	: c	: c	: c	: c	1.0366	0.9048	: 	0.4349 e	: 	0.585 e	: 	0.4937 e	: 	0.5488 e	0.5579 e	: 	: 	: 	: 	: 	: 	: 	: 	: 	: 	: 	: 	: 	: 	: 	: 	: 	: 	: 	: 	: 	: 
"TOTAL,T,TOTAL,PC_EMP_HC,NL4"	2.8022	2.8158	2.7723	2.7979	2.7562	2.6603 b	2.5253	2.1757	: 	1.4129 e	: 	1.6592 e	: 	1.7922 e	: 	1.4592 e	1.4784 e	: 	: 	: 	: 	: 	: 	: 	: 	: 	: 	: 	: 	: 	: 	: 	: 	: 	: 	: 	: 	: 	: 
"TOTAL,T,TOTAL,PC_EMP_HC,NL41"	: c	: c	: c	: c	: c	: c	2.6699	2.3135	: 	1.547 e	: 	1.8536 e	: 	1.9123 e	: 	1.5199 e	1.6054 e	: 	: 	: 	: 	: 	: 	: 	: 	: 	: 	: 	: 	: 	: 	: 	: 	: 	: 	: 	: 	: 	: 
"TOTAL,T,TOTAL,PC_EMP_HC,NL42"	: c	: c	: c	: c	: c	: c	2.191	1.8565	: 	1.104 e	: 	1.2143 e	: 	1.5213 e	: 	1.3265 e	1.198 e	: 	: 	: 	: 	: 	: 	: 	: 	: 	: 	: 	: 	: 	: 	: 	: 	: 	: 	: 	: 	: 	: 
"TOTAL,T,TOTAL,PC_EMP_HC,NO"	3.3479	3.3324	3.1703	3.0081	2.8359	2.7065	2.6371	2.6308	2.6265	2.6314	2.5501	2.4814	: 	2.3997	: 	2.2847	2.2595	2.1674	: 	1.9832	: 	2.0569	: 	: 	: 	: 	: 	: 	: 	: 	: 	: 	: 	: 	: 	: 	: 	: 	: 
"TOTAL,T,TOTAL,PC_EMP_HC,NO0"	3.2247	3.214	: 	2.8988	2.7392	2.6216	2.5561	2.5524	2.5542	2.5656	2.4925	2.4292	: 	2.3581	: 	2.2374	2.2071	2.1237	: 	1.9457	: 	: 	: 	: 	: 	: 	: 	: 	: 	: 	: 	: 	: 	: 	: 	: 	: 	: 	: 
"TOTAL,T,TOTAL,PC_EMP_HC,NO01"	4.7491	4.7402	: 	4.453	4.2616	4.14	4.0856	4.1522	4.2077	4.3791	4.255	4.0996	: 	3.9829	: 	3.8702	: 	3.8199	: 	3.6314	: 	: 	: 	: 	: 	: 	: 	: 	: 	: 	: 	: 	: 	: 	: 	: 	: 	: 	: 
"TOTAL,T,TOTAL,PC_EMP_HC,NO02"	1.3053	1.2495	: 	1.1599	1.0591	1.0616	0.9722	1.011	0.9081	0.8599	0.8451	0.8124	: 	0.8388	: 	0.8015	: 	0.8464	: 	2.193	: 	: 	: 	: 	: 	: 	: 	: 	: 	: 	: 	: 	: 	: 	: 	: 	: 	: 	: 
"TOTAL,T,TOTAL,PC_EMP_HC,NO03"	1.6635	1.748	: 	1.5885	1.5235	1.4198	1.2909	1.3166	1.2993	1.1929	1.2161	1.2636	: 	1.2719	: 	1.2694	: 	1.1649	: 	0.2456	: 	: 	: 	: 	: 	: 	: 	: 	: 	: 	: 	: 	: 	: 	: 	: 	: 	: 	: 
"TOTAL,T,TOTAL,PC_EMP_HC,NO04"	2.1871	2.1808	: 	1.7677	1.6194	1.4838	1.4431	1.3658	1.4221	1.4789	1.4192	1.4129	: 	1.4485	: 	1.3194	: 	1.2095	: 	1.1532	: 	: 	: 	: 	: 	: 	: 	: 	: 	: 	: 	: 	: 	: 	: 	: 	: 	: 	: 
"TOTAL,T,TOTAL,PC_EMP_HC,NO05"	3.2336	3.1786	: 	2.7366	2.5854	2.3949	2.3403	2.308	2.3439	2.3378	2.3295	2.2628	: 	2.2386	: 	2.0278	: 	1.8622	: 	1.627	: 	: 	: 	: 	: 	: 	: 	: 	: 	: 	: 	: 	: 	: 	: 	: 	: 	: 	: 
"TOTAL,T,TOTAL,PC_EMP_HC,NO06"	5.4657	5.4141	: 	5.0689	4.8754	4.8777	4.9099	4.8633	4.6961	4.5879	4.3208	4.1791	: 	4.3628	: 	4.1527	: 	3.4982	: 	3.6409	: 	: 	: 	: 	: 	: 	: 	: 	: 	: 	: 	: 	: 	: 	: 	: 	: 	: 	: 
"TOTAL,T,TOTAL,PC_EMP_HC,NO07"	2.9236	2.8797	: 	2.5707	2.3397	2.234	2.1979	2.1649	2.1945	2.1532	2.0167	1.9674	: 	1.7659	: 	1.6604	: 	1.4424	: 	1.2868	: 	: 	: 	: 	: 	: 	: 	: 	: 	: 	: 	: 	: 	: 	: 	: 	: 	: 	: 
"TOTAL,T,TOTAL,PC_EMP_HC,PL"	1.6505	1.4882	1.0792	0.9987	0.9844	0.9511	0.9104	0.8787	0.852	0.7737	0.7693	0.811	0.8459	0.8922	0.9432	0.9475	0.913	0.8931	0.8874	0.8692	0.8648	: 	: 	: 	: 	: 	: 	: 	: 	: 	: 	: 	: 	: 	: 	: 	: 	: 	: 
"TOTAL,T,TOTAL,PC_EMP_HC,PL1"	: 	: 	: 	1.3189	1.3169	1.3292	1.883	1.8809	1.9349	1.6691	1.6387	1.8285	1.9409	2.0979	2.2236	2.2663	2.1304	2.0533	2.09	: 	: 	: 	: 	: 	: 	: 	: 	: 	: 	: 	: 	: 	: 	: 	: 	: 	: 	: 	: 
"TOTAL,T,TOTAL,PC_EMP_HC,PL11"	: 	: 	: 	0.7148	0.6558	0.6656	0.7518	0.6391	0.6238	0.5943	0.5414	0.6632	0.6833	0.6967	0.73	0.7168	0.7221	0.7168	0.7344	: 	: 	: 	: 	: 	: 	: 	: 	: 	: 	: 	: 	: 	: 	: 	: 	: 	: 	: 	: 
"TOTAL,T,TOTAL,PC_EMP_HC,PL12"	: 	: 	: 	1.5924	1.6391	1.673	1.5169	1.5543	1.6085	1.3631	1.3479	1.4691	1.578	1.7055	1.8177	1.8508	1.7279	1.6532	1.6715	: 	: 	: 	: 	: 	: 	: 	: 	: 	: 	: 	: 	: 	: 	: 	: 	: 	: 	: 	: 
"TOTAL,T,TOTAL,PC_EMP_HC,PL2"	1.7059	1.5718	1.1434	1.1291	1.0294	0.9844	0.9469	0.8822	0.859	0.7958	0.7847	0.8133	0.838	0.9309	1.0418	1.0937	1.0282	0.9261	0.9855	: 	: 	: 	: 	: 	: 	: 	: 	: 	: 	: 	: 	: 	: 	: 	: 	: 	: 	: 	: 
"TOTAL,T,TOTAL,PC_EMP_HC,PL21"	2.3966	2.3106	1.6214	1.5917	1.4239	1.3757	1.3498	1.187	1.1569	1.0714	1.0224	1.0819	1.0333	1.2487	1.4175	1.4007	1.4035	1.082	1.1545	: 	: 	: 	: 	: 	: 	: 	: 	: 	: 	: 	: 	: 	: 	: 	: 	: 	: 	: 	: 
"TOTAL,T,TOTAL,PC_EMP_HC,PL22"	1.1755	1.0133	0.7835	0.7954	0.7492	0.7141	0.6728	0.6756	0.6504	0.6033	0.6123	0.6191	0.6872	0.6934	0.7687	0.849	0.7292	0.7858	0.8131	: 	: 	: 	: 	: 	: 	: 	: 	: 	: 	: 	: 	: 	: 	: 	: 	: 	: 	: 	: 
"TOTAL,T,TOTAL,PC_EMP_HC,PL3"	: 	: 	: 	0.7027	0.7375	0.6889	0.6398	0.6137	0.59	0.4864	0.4918	0.484	0.5252	0.5327	0.5356	0.5177	0.4894	0.5239	0.4832	: 	: 	: 	: 	: 	: 	: 	: 	: 	: 	: 	: 	: 	: 	: 	: 	: 	: 	: 	: 
"TOTAL,T,TOTAL,PC_EMP_HC,PL31"	: 	: 	: 	0.7558	0.781	0.7706	0.8001	0.7097	0.7242	0.6985	0.7123	0.7114	0.7896	0.76	0.7838	0.7384	0.7026	0.7305	0.6889	: 	: 	: 	: 	: 	: 	: 	: 	: 	: 	: 	: 	: 	: 	: 	: 	: 	: 	: 	: 
"TOTAL,T,TOTAL,PC_EMP_HC,PL32"	: 	: 	: 	0.9955	1.126	0.9173	0.8695	0.8035	0.7238	0.4	0.385	0.3778	0.4011	0.4184	0.4141	0.4276	0.3768	0.4491	0.3762	: 	: 	: 	: 	: 	: 	: 	: 	: 	: 	: 	: 	: 	: 	: 	: 	: 	: 	: 	: 
"TOTAL,T,TOTAL,PC_EMP_HC,PL33"	: 	: 	: 	0.2924	0.269	0.2801	0.1351	0.259	0.2475	0.2487	0.2652	0.2342	0.2294	0.2656	0.2336	0.2651	0.2582	0.271	0.2256	: 	: 	: 	: 	: 	: 	: 	: 	: 	: 	: 	: 	: 	: 	: 	: 	: 	: 	: 	: 
"TOTAL,T,TOTAL,PC_EMP_HC,PL34"	: 	: 	: 	0.6061	0.58	0.6128	0.5463	0.5373	0.5148	0.5009	0.5118	0.5085	0.5644	0.5553	0.569	0.5129	0.4919	0.4861	0.521	: 	: 	: 	: 	: 	: 	: 	: 	: 	: 	: 	: 	: 	: 	: 	: 	: 	: 	: 	: 
"TOTAL,T,TOTAL,PC_EMP_HC,PL4"	1.0783	0.963	0.7464	0.8667	0.8229	0.7676	0.7719	0.7858	0.7544	0.7332	0.7496	0.7694	0.7655	0.7479	0.7656	0.7418	0.7733	0.753	0.7066	: 	: 	: 	: 	: 	: 	: 	: 	: 	: 	: 	: 	: 	: 	: 	: 	: 	: 	: 	: 
"TOTAL,T,TOTAL,PC_EMP_HC,PL41"	1.3325	1.1301	0.9452	1.1271	1.0637	0.9753	0.964	1.007	1.0004	0.9945	0.9778	0.967	0.9725	0.9206	0.9298	0.891	0.9466	0.9084	0.8116	: 	: 	: 	: 	: 	: 	: 	: 	: 	: 	: 	: 	: 	: 	: 	: 	: 	: 	: 	: 
"TOTAL,T,TOTAL,PC_EMP_HC,PL42"	0.8532	0.8298	0.5779	0.6882	0.6535	0.6226	0.6608	0.6367	: c	0.5006	0.59	0.7094	0.661	0.6457	0.6575	0.6157	0.6374	0.6502	0.6429	: 	: 	: 	: 	: 	: 	: 	: 	: 	: 	: 	: 	: 	: 	: 	: 	: 	: 	: 	: 
"TOTAL,T,TOTAL,PC_EMP_HC,PL43"	0.4914	0.5526	0.2886	0.2842	0.2697	0.2718	0.2756	0.2621	: c	0.2421	0.255	0.2513	0.2552	0.336	0.3517	0.3622	0.3644	0.3723	0.3899	: 	: 	: 	: 	: 	: 	: 	: 	: 	: 	: 	: 	: 	: 	: 	: 	: 	: 	: 	: 
"TOTAL,T,TOTAL,PC_EMP_HC,PL5"	1.4159	1.2817	0.912	0.9256	0.9221	0.92	0.8245	0.7496	0.6795	0.6597	0.6503	0.6731	0.726	0.7864	0.8927	0.9089	0.8353	0.8415	0.8055	: 	: 	: 	: 	: 	: 	: 	: 	: 	: 	: 	: 	: 	: 	: 	: 	: 	: 	: 	: 
"TOTAL,T,TOTAL,PC_EMP_HC,PL51"	1.6695	1.4919	1.0535	1.0831	1.0705	1.0585	0.936	0.8486	0.7631	0.753	0.742	0.7523	0.8163	0.9107	1.0253	1.0503	0.9827	1.0236	0.9776	: 	: 	: 	: 	: 	: 	: 	: 	: 	: 	: 	: 	: 	: 	: 	: 	: 	: 	: 	: 
"TOTAL,T,TOTAL,PC_EMP_HC,PL52"	0.6347	0.6374	0.4701	0.4694	0.4796	0.4975	0.4882	0.4475	0.418	0.3829	0.3768	0.4254	0.4418	0.4313	0.4946	0.4966	0.4456	0.419	0.4053	: 	: 	: 	: 	: 	: 	: 	: 	: 	: 	: 	: 	: 	: 	: 	: 	: 	: 	: 	: 
"TOTAL,T,TOTAL,PC_EMP_HC,PL6"	1.3016	1.1223	0.781	0.7189	0.7366	0.7065	0.708	0.6883	0.6359	0.6029	0.6154	0.6639	0.7212	0.7097	0.7226	0.6873	0.6648	0.6803	0.6931	: 	: 	: 	: 	: 	: 	: 	: 	: 	: 	: 	: 	: 	: 	: 	: 	: 	: 	: 	: 
"TOTAL,T,TOTAL,PC_EMP_HC,PL61"	: c	1.1127	0.6471	0.5927	0.6104	0.5718	0.5798	0.5621	0.5366	0.5166	0.5593	0.6265	0.6698	0.6384	0.6063	0.5761	0.6081	0.6306	0.6196	: 	: 	: 	: 	: 	: 	: 	: 	: 	: 	: 	: 	: 	: 	: 	: 	: 	: 	: 	: 
"TOTAL,T,TOTAL,PC_EMP_HC,PL62"	: c	0.7041	0.546	0.5039	0.512	0.473	0.4909	0.4517	0.4121	0.3691	0.3904	0.4308	0.413	0.4756	0.5255	0.5177	0.5287	0.4147	0.382	: 	: 	: 	: 	: 	: 	: 	: 	: 	: 	: 	: 	: 	: 	: 	: 	: 	: 	: 	: 
"TOTAL,T,TOTAL,PC_EMP_HC,PL63"	1.6141	1.3617	1.027	0.9459	0.9773	0.9591	0.9538	0.9634	0.8845	0.8605	0.8256	0.8642	1.0031	0.9488	0.9828	0.914	0.8039	0.9265	1.0237	: 	: 	: 	: 	: 	: 	: 	: 	: 	: 	: 	: 	: 	: 	: 	: 	: 	: 	: 	: 
"TOTAL,T,TOTAL,PC_EMP_HC,PL7"	0.96	0.9608	0.6943	: 	: 	: 	: 	: 	: 	: 	: 	: 	: 	: 	: 	: 	: 	: 	: 	: 	: 	: 	: 	: 	: 	: 	: 	: 	: 	: 	: 	: 	: 	: 	: 	: 	: 	: 	: 
"TOTAL,T,TOTAL,PC_EMP_HC,PL71"	1.1281	1.1794	0.866	: 	: 	: 	: 	: 	: 	: 	: 	: 	: 	: 	: 	: 	: 	: 	: 	: 	: 	: 	: 	: 	: 	: 	: 	: 	: 	: 	: 	: 	: 	: 	: 	: 	: 	: 	: 
"TOTAL,T,TOTAL,PC_EMP_HC,PL72"	0.5886	0.4877	0.325	: 	: 	: 	: 	: 	: 	: 	: 	: 	: 	: 	: 	: 	: 	: 	: 	: 	: 	: 	: 	: 	: 	: 	: 	: 	: 	: 	: 	: 	: 	: 	: 	: 	: 	: 	: 
"TOTAL,T,TOTAL,PC_EMP_HC,PL8"	1.1827	1.0626	0.8922	: 	: 	: 	: 	: 	: 	: 	: 	: 	: 	: 	: 	: 	: 	: 	: 	: 	: 	: 	: 	: 	: 	: 	: 	: 	: 	: 	: 	: 	: 	: 	: 	: 	: 	: 	: 
"TOTAL,T,TOTAL,PC_EMP_HC,PL81"	1.4658	1.2565	0.9286	: 	: 	: 	: 	: 	: 	: 	: 	: 	: 	: 	: 	: 	: 	: 	: 	: 	: 	: 	: 	: 	: 	: 	: 	: 	: 	: 	: 	: 	: 	: 	: 	: 	: 	: 	: 
"TOTAL,T,TOTAL,PC_EMP_HC,PL82"	1.0259	0.9588	0.9981	: 	: 	: 	: 	: 	: 	: 	: 	: 	: 	: 	: 	: 	: 	: 	: 	: 	: 	: 	: 	: 	: 	: 	: 	: 	: 	: 	: 	: 	: 	: 	: 	: 	: 	: 	: 
"TOTAL,T,TOTAL,PC_EMP_HC,PL84"	0.9435	0.8966	0.6435	: 	: 	: 	: 	: 	: 	: 	: 	: 	: 	: 	: 	: 	: 	: 	: 	: 	: 	: 	: 	: 	: 	: 	: 	: 	: 	: 	: 	: 	: 	: 	: 	: 	: 	: 	: 
"TOTAL,T,TOTAL,PC_EMP_HC,PL9"	3.3134	2.9627	2.0426	: 	: 	: 	: 	: 	: 	: 	: 	: 	: 	: 	: 	: 	: 	: 	: 	: 	: 	: 	: 	: 	: 	: 	: 	: 	: 	: 	: 	: 	: 	: 	: 	: 	: 	: 	: 
"TOTAL,T,TOTAL,PC_EMP_HC,PL91"	5.4747	5.1542	3.5099	: 	: 	: 	: 	: 	: 	: 	: 	: 	: 	: 	: 	: 	: 	: 	: 	: 	: 	: 	: 	: 	: 	: 	: 	: 	: 	: 	: 	: 	: 	: 	: 	: 	: 	: 	: 
"TOTAL,T,TOTAL,PC_EMP_HC,PL92"	0.3861	0.244	0.1958	: 	: 	: 	: 	: 	: 	: 	: 	: 	: 	: 	: 	: 	: 	: 	: 	: 	: 	: 	: 	: 	: 	: 	: 	: 	: 	: 	: 	: 	: 	: 	: 	: 	: 	: 	: 
"TOTAL,T,TOTAL,PC_EMP_HC,PT"	2.5323	2.4197	2.372	2.3971	2.2791	2.2931	2.1846	2.1127	2.0082	1.906	1.8296 b	1.3194	1.1296 e	0.944	0.9342 e	0.9242	0.864 e	0.8144	0.8017 e	0.7935	0.7244	0.6927	0.6501 e	0.5957	0.5678 e	0.5296 e	: 	: 	: 	: 	: 	: 	: 	: 	: 	: 	: 	: 	: 
"TOTAL,T,TOTAL,PC_EMP_HC,PT1"	2.488	2.38	2.3321	2.3534	2.2305	2.2291	2.117	2.0542	1.9439	1.8439	1.7629 b	1.2691	1.0861 e	0.905	0.8939 e	0.8815 e	0.817 e	0.7703 e	0.761 e	0.7533	: 	: 	: 	: 	: 	: 	: 	: 	: 	: 	: 	: 	: 	: 	: 	: 	: 	: 	: 
"TOTAL,T,TOTAL,PC_EMP_HC,PT11"	2.2768	2.1878	2.0921	2.3899	2.0823	2.0283	1.8648	1.7792	1.6191	1.5489	1.3513 b	0.9579	0.7969 e	0.6433	0.6397 e	0.6325 e	0.5575 e	0.498 e	0.5059 e	0.5024	: 	: 	: 	: 	: 	: 	: 	: 	: 	: 	: 	: 	: 	: 	: 	: 	: 	: 	: 
"TOTAL,T,TOTAL,PC_EMP_HC,PT15"	0.7712	0.7121	0.8299	0.9118	0.8508	0.8497	0.8352	0.859	0.8934	0.9324	0.9297 b	0.5718	0.4678 e	0.3694	0.3835 e	0.4138 e	0.3932 e	0.3841 e	0.391 e	0.4068	: 	: 	: 	: 	: 	: 	: 	: 	: 	: 	: 	: 	: 	: 	: 	: 	: 	: 	: 
"TOTAL,T,TOTAL,PC_EMP_HC,PT16"	2.1939	2.061	1.9741	1.8051	1.7721	1.718	1.7048	1.7298	1.4557	1.3715	1.3551 b	0.9758	0.8433 e	0.7088	0.6842 e	0.654 e	0.6009 e	0.5612 e	0.5364 e	: 	: 	: 	: 	: 	: 	: 	: 	: 	: 	: 	: 	: 	: 	: 	: 	: 	: 	: 	: 
"TOTAL,T,TOTAL,PC_EMP_HC,PT17"	3.6105	3.5192	3.532	3.4006	3.4345	3.5909	3.4077	3.2838	3.35	3.1077	3.0064 b	2.2524	1.9566 e	1.6417	1.6244 e	1.6128 e	1.5337 e	1.4733 e	1.4574 e	: 	: 	: 	: 	: 	: 	: 	: 	: 	: 	: 	: 	: 	: 	: 	: 	: 	: 	: 	: 
"TOTAL,T,TOTAL,PC_EMP_HC,PT18"	1.1538	1.0107	0.9549	0.8304	0.8025	0.7769	0.7821	0.6684	0.7151	0.8295	1.1424 b	0.6972	0.6266 e	0.565	0.5725 e	0.5834 e	0.5474 e	0.5264 e	0.5248 e	: 	: 	: 	: 	: 	: 	: 	: 	: 	: 	: 	: 	: 	: 	: 	: 	: 	: 	: 	: 
"TOTAL,T,TOTAL,PC_EMP_HC,PT2"	0.6047	0.679	0.6831	0.671	0.6974	0.6764	0.7191	0.6194	0.5834	0.5769	0.7065 b	0.537	0.5161 e	0.504	0.5327 e	0.577 e	0.6282 e	0.7189 e	0.734 e	0.7401	: 	: 	: 	: 	: 	: 	: 	: 	: 	: 	: 	: 	: 	: 	: 	: 	: 	: 	: 
"TOTAL,T,TOTAL,PC_EMP_HC,PT20"	0.6047	0.679	0.6831	0.671	0.6974	0.6764	0.7191	0.6194	0.5834	0.5769	0.7065 b	0.537	0.5161 e	0.504	0.5327 e	0.577 e	0.6282 e	0.7189 e	0.734 e	0.7401	: 	: 	: 	: 	: 	: 	: 	: 	: 	: 	: 	: 	: 	: 	: 	: 	: 	: 	: 
"TOTAL,T,TOTAL,PC_EMP_HC,PT3"	0.7787	0.6456	0.6276	0.6068	0.5721	0.5294	0.4529	0.5556	0.5216	0.5132	0.5974 b	0.377	0.3663 e	0.3564	0.3616 e	0.3634 e	0.4483 e	0.5639 e	0.5845 e	0.591	: 	: 	: 	: 	: 	: 	: 	: 	: 	: 	: 	: 	: 	: 	: 	: 	: 	: 	: 
"TOTAL,T,TOTAL,PC_EMP_HC,PT30"	0.7787	0.6456	0.6276	0.6068	0.5721	0.5294	0.4529	0.5556	0.5216	0.5132	0.5974 b	0.377	0.3663 e	0.3564	0.3616 e	0.3634 e	0.4483 e	0.5639 e	0.5845 e	0.591	: 	: 	: 	: 	: 	: 	: 	: 	: 	: 	: 	: 	: 	: 	: 	: 	: 	: 	: 
"TOTAL,T,TOTAL,PC_EMP_HC,RO"	0.5337	0.5357	0.5435	0.5276	0.5205	0.5303	0.519	0.5205 b	0.4703	0.4818	0.4898	0.4805	0.4612	0.4743	0.4716	0.4648	0.4351	0.3956	0.3883	0.5013	0.5859	: 	: 	: 	: 	: 	: 	: 	: 	: 	: 	: 	: 	: 	: 	: 	: 	: 	: 
"TOTAL,T,TOTAL,PC_EMP_HC,RO1"	0.364	0.3407	0.3498	0.3413	0.3587	0.2856	0.319	0.3694	0.3532	0.3776	0.3268	0.3048	0.2939	0.2436	0.2274	0.2847	0.3178	0.2599	: 	: 	: 	: 	: 	: 	: 	: 	: 	: 	: 	: 	: 	: 	: 	: 	: 	: 	: 	: 	: 
"TOTAL,T,TOTAL,PC_EMP_HC,RO11"	0.2939	0.2764	0.2763	0.2852	0.2978	0.2712	0.3032	0.3399	0.3569	0.3804	0.3677	0.342	0.3047	0.2412	0.2042	0.239	0.2598	0.2209	: 	: 	: 	: 	: 	: 	: 	: 	: 	: 	: 	: 	: 	: 	: 	: 	: 	: 	: 	: 	: 
"TOTAL,T,TOTAL,PC_EMP_HC,RO12"	0.4554	0.4211	0.4415	0.4126	0.4394	0.3046	0.3399	0.4074	0.3486	0.3745	0.282	0.2624	0.2818	0.2465	0.2537	0.3353	0.3811	0.3034	: 	: 	: 	: 	: 	: 	: 	: 	: 	: 	: 	: 	: 	: 	: 	: 	: 	: 	: 	: 	: 
"TOTAL,T,TOTAL,PC_EMP_HC,RO2"	0.2452	0.2462	0.2485	0.2441	0.2398	0.236	0.2188	0.2022	0.1998	0.21	0.2157	0.223	0.2143	0.1982	0.1744	0.166	0.1776	0.1758	: 	: 	: 	: 	: 	: 	: 	: 	: 	: 	: 	: 	: 	: 	: 	: 	: 	: 	: 	: 	: 
"TOTAL,T,TOTAL,PC_EMP_HC,RO21"	0.2379	0.2497	0.2629	0.2671	0.2794	0.2824	0.2537	0.2349	0.2227	0.2427	0.2493	0.2451	0.2413	0.2199	0.1826	0.1692	0.1898	0.1855	: 	: 	: 	: 	: 	: 	: 	: 	: 	: 	: 	: 	: 	: 	: 	: 	: 	: 	: 	: 	: 
"TOTAL,T,TOTAL,PC_EMP_HC,RO22"	0.2573	0.2402	0.2249	0.2063	0.175	0.1629	0.1654	0.1524	0.1661	0.1626	0.167	0.1907	0.1766	0.1663	0.1623	0.1614	0.1598	0.1608	: 	: 	: 	: 	: 	: 	: 	: 	: 	: 	: 	: 	: 	: 	: 	: 	: 	: 	: 	: 	: 
"TOTAL,T,TOTAL,PC_EMP_HC,RO3"	1.0546	1.0352	1.0555	1.0188	1.0089	1.0951	1.073	1.0532	0.8408	0.9352	1.0268	0.9949	0.9892	1.0943	1.0327	0.9567	0.8622	0.7804	: 	: 	: 	: 	: 	: 	: 	: 	: 	: 	: 	: 	: 	: 	: 	: 	: 	: 	: 	: 	: 
"TOTAL,T,TOTAL,PC_EMP_HC,RO31"	0.2033	0.1817	0.2274	0.2285	0.2897	0.3509	0.2523	0.1802	0.2586	0.2544	0.3019	0.2981	0.2648	0.2737	0.2813	0.2832	0.2661	0.2196	: 	: 	: 	: 	: 	: 	: 	: 	: 	: 	: 	: 	: 	: 	: 	: 	: 	: 	: 	: 	: 
"TOTAL,T,TOTAL,PC_EMP_HC,RO32"	2.0157	2.0088	1.9926	1.9445	1.9034	2.0325	2.0655	2.0696	1.5899	1.8799	2.0695	1.9994	2.0068	2.2969	2.1887	2.0706	1.835	1.8589	: 	: 	: 	: 	: 	: 	: 	: 	: 	: 	: 	: 	: 	: 	: 	: 	: 	: 	: 	: 	: 
"TOTAL,T,TOTAL,PC_EMP_HC,RO4"	0.3206	0.3944	0.4035	0.3985	0.3313	0.3571	0.3243	0.32	0.3721	0.2892	0.2414	0.2591	0.2205	0.2424	0.3295	0.3262	0.2341	0.1952	: 	: 	: 	: 	: 	: 	: 	: 	: 	: 	: 	: 	: 	: 	: 	: 	: 	: 	: 	: 	: 
"TOTAL,T,TOTAL,PC_EMP_HC,RO41"	0.1706	0.2499	0.2572	0.2596	0.2136	0.2293	0.2198	0.2411	0.2452	0.222	0.2232	0.2438	0.2402	0.247	0.2636	0.2625	0.2385	0.2067	: 	: 	: 	: 	: 	: 	: 	: 	: 	: 	: 	: 	: 	: 	: 	: 	: 	: 	: 	: 	: 
"TOTAL,T,TOTAL,PC_EMP_HC,RO42"	0.4977	0.5641	0.5648	0.5527	0.4718	0.5078	0.4541	0.4181	0.5281	0.3742	0.2642	0.2779	0.1953	0.2363	0.4176	0.4134	0.228	0.1787	: 	: 	: 	: 	: 	: 	: 	: 	: 	: 	: 	: 	: 	: 	: 	: 	: 	: 	: 	: 	: 
"TOTAL,T,TOTAL,PC_EMP_HC,RS"	0.8555	0.8603	0.9128	0.9566	0.8956	: 	: 	: 	: 	: 	: 	: 	: 	: 	: 	: 	: 	: 	: 	: 	: 	: 	: 	: 	: 	: 	: 	: 	: 	: 	: 	: 	: 	: 	: 	: 	: 	: 	: 
"TOTAL,T,TOTAL,PC_EMP_HC,RS1"	1.3004	: 	: 	: 	: 	: 	: 	: 	: 	: 	: 	: 	: 	: 	: 	: 	: 	: 	: 	: 	: 	: 	: 	: 	: 	: 	: 	: 	: 	: 	: 	: 	: 	: 	: 	: 	: 	: 	: 
"TOTAL,T,TOTAL,PC_EMP_HC,RS11"	1.8392	: 	: 	: 	: 	: 	: 	: 	: 	: 	: 	: 	: 	: 	: 	: 	: 	: 	: 	: 	: 	: 	: 	: 	: 	: 	: 	: 	: 	: 	: 	: 	: 	: 	: 	: 	: 	: 	: 
"TOTAL,T,TOTAL,PC_EMP_HC,RS12"	0.7859	: 	: 	: 	: 	: 	: 	: 	: 	: 	: 	: 	: 	: 	: 	: 	: 	: 	: 	: 	: 	: 	: 	: 	: 	: 	: 	: 	: 	: 	: 	: 	: 	: 	: 	: 	: 	: 	: 
"TOTAL,T,TOTAL,PC_EMP_HC,RS2"	0.2799	: 	: 	: 	: 	: 	: 	: 	: 	: 	: 	: 	: 	: 	: 	: 	: 	: 	: 	: 	: 	: 	: 	: 	: 	: 	: 	: 	: 	: 	: 	: 	: 	: 	: 	: 	: 	: 	: 
"TOTAL,T,TOTAL,PC_EMP_HC,RS21"	0.2086	: 	: 	: 	: 	: 	: 	: 	: 	: 	: 	: 	: 	: 	: 	: 	: 	: 	: 	: 	: 	: 	: 	: 	: 	: 	: 	: 	: 	: 	: 	: 	: 	: 	: 	: 	: 	: 	: 
"TOTAL,T,TOTAL,PC_EMP_HC,RS22"	0.3816	: 	: 	: 	: 	: 	: 	: 	: 	: 	: 	: 	: 	: 	: 	: 	: 	: 	: 	: 	: 	: 	: 	: 	: 	: 	: 	: 	: 	: 	: 	: 	: 	: 	: 	: 	: 	: 	: 
"TOTAL,T,TOTAL,PC_EMP_HC,RU"	: 	: 	: 	: 	: 	: 	1.0165 e	1.0377 e	1.0532 e	1.0696 e	1.0721 e	1.132 e	1.1668 e	1.19 e	1.2468 e	1.2941 e	1.3065 e	1.3598 e	1.3643	1.3859	1.4628	1.5523	1.5726	1.6564	1.7056	1.9179	2.1534	: 	: 	: 	: 	: 	: 	: 	: 	: 	: 	: 	: 
"TOTAL,T,TOTAL,PC_EMP_HC,SE"	: 	2.7262	: 	2.9747 e	: 	2.9404 e	: 	2.7934 e	: 	2.6465 be	: 	2.5978 bde	: 	2.7595 be	: 	2.5494	: 	2.5957	: 	2.6975	: 	2.7083	: 	: 	: 	: 	: 	: 	: 	: 	: 	: 	: 	: 	: 	: 	: 	: 	: 
"TOTAL,T,TOTAL,PC_EMP_HC,SE1"	: 	3.0402 e	: 	3.4713 e	: 	3.4832 e	: 	3.2618	: 	3.1838	: 	3.2965	: 	3.4378	: 	: 	: 	: 	: 	3.4656	: 	: 	: 	: 	: 	: 	: 	: 	: 	: 	: 	: 	: 	: 	: 	: 	: 	: 	: 
"TOTAL,T,TOTAL,PC_EMP_HC,SE11"	: 	3.2551 e	: 	3.5523 e	: 	3.497 e	: 	3.3342	: 	3.3186	: 	3.6226 d	: 	3.8108 d	: 	: 	: 	: 	: 	3.8714	: 	: 	: 	: 	: 	: 	: 	: 	: 	: 	: 	: 	: 	: 	: 	: 	: 	: 	: 
"TOTAL,T,TOTAL,PC_EMP_HC,SE12"	: 	2.7115 e	: 	3.3494 e	: 	3.4624 e	: 	3.155	: 	2.9899	: 	2.8471 d	: 	2.9295 d	: 	: 	: 	: 	: 	2.9773	: 	: 	: 	: 	: 	: 	: 	: 	: 	: 	: 	: 	: 	: 	: 	: 	: 	: 	: 
"TOTAL,T,TOTAL,PC_EMP_HC,SE2"	: 	2.7019 e	: 	2.6675 e	: 	2.6202 e	: 	2.5566	: 	2.3733	: 	2.2747	: 	2.4978	: 	: 	: 	: 	: 	2.2984	: 	: 	: 	: 	: 	: 	: 	: 	: 	: 	: 	: 	: 	: 	: 	: 	: 	: 	: 
"TOTAL,T,TOTAL,PC_EMP_HC,SE21"	: 	: c	: 	1.4218 e	: 	1.4697 e	: 	1.1857	: 	1.0988	: 	1.0633 d	: 	1.0229 d	: 	: 	: 	: 	: 	0.6815	: 	: 	: 	: 	: 	: 	: 	: 	: 	: 	: 	: 	: 	: 	: 	: 	: 	: 	: 
"TOTAL,T,TOTAL,PC_EMP_HC,SE22"	: 	2.468 e	: 	2.6025 e	: 	2.8211 e	: 	2.6478	: 	2.6638	: 	2.7289 d	: 	2.9322 d	: 	: 	: 	: 	: 	2.5721	: 	: 	: 	: 	: 	: 	: 	: 	: 	: 	: 	: 	: 	: 	: 	: 	: 	: 	: 
"TOTAL,T,TOTAL,PC_EMP_HC,SE23"	: 	3.4522 e	: 	3.234 e	: 	2.9556 e	: 	3.0686	: 	2.7201	: 	2.4924 d	: 	2.8492 d	: 	: 	: 	: 	: 	2.8642	: 	: 	: 	: 	: 	: 	: 	: 	: 	: 	: 	: 	: 	: 	: 	: 	: 	: 	: 
"TOTAL,T,TOTAL,PC_EMP_HC,SE3"	: 	1.3687 e	: 	1.8663 e	: 	1.8451 e	: 	1.7519	: 	1.6213	: 	1.5841	: 	1.591	: 	: 	: 	: 	: 	1.6294	: 	: 	: 	: 	: 	: 	: 	: 	: 	: 	: 	: 	: 	: 	: 	: 	: 	: 	: 
"TOTAL,T,TOTAL,PC_EMP_HC,SE31"	: 	1.0853 e	: 	1.4605 e	: 	1.385 e	: 	1.2816	: 	1.1864	: 	1.2915 d	: 	1.2324 d	: 	: 	: 	: 	: 	1.0249	: 	: 	: 	: 	: 	: 	: 	: 	: 	: 	: 	: 	: 	: 	: 	: 	: 	: 	: 
"TOTAL,T,TOTAL,PC_EMP_HC,SE32"	: 	: c	: 	1.0006 e	: 	0.9652 e	: 	1.1795	: 	1.1043	: 	0.9088 d	: 	1.0869 d	: 	: 	: 	: 	: 	0.9879	: 	: 	: 	: 	: 	: 	: 	: 	: 	: 	: 	: 	: 	: 	: 	: 	: 	: 	: 
"TOTAL,T,TOTAL,PC_EMP_HC,SE33"	: 	2.2141 e	: 	3.1131 e	: 	3.2081 e	: 	2.9118	: 	2.685	: 	2.5391 d	: 	2.536 d	: 	: 	: 	: 	: 	3.2472	: 	: 	: 	: 	: 	: 	: 	: 	: 	: 	: 	: 	: 	: 	: 	: 	: 	: 	: 
"TOTAL,T,TOTAL,PC_EMP_HC,SI"	2.4567	2.3322	2.2197	2.2875	2.3602	2.3955	2.3142	2.355 b	1.9079	1.7848	1.6659 b	1.4954	1.443	1.3622	1.1074	1.0815	1.3925	1.3829	1.3934	1.4269	1.3672	1.3333	: 	: 	: 	: 	: 	: 	: 	: 	: 	: 	: 	: 	: 	: 	: 	: 	: 
"TOTAL,T,TOTAL,PC_EMP_HC,SI0"	2.4101	2.2931	2.1882	2.2491	2.2966	2.3482	2.2696	2.3019 b	1.8605	1.738	1.6307	1.4526	1.4067	1.3274	1.0737	1.0605	1.342	1.3509	1.3675	1.3825	: 	: 	: 	: 	: 	: 	: 	: 	: 	: 	: 	: 	: 	: 	: 	: 	: 	: 	: 
"TOTAL,T,TOTAL,PC_EMP_HC,SI03"	1.3563	1.2157	1.2044	1.2516	1.3106	1.3077	: 	: 	: 	: 	: 	: 	: 	: 	: 	: 	: 	: 	: 	: 	: 	: 	: 	: 	: 	: 	: 	: 	: 	: 	: 	: 	: 	: 	: 	: 	: 	: 	: 
"TOTAL,T,TOTAL,PC_EMP_HC,SI04"	3.5586	3.4885	3.2575	3.336	3.3877	3.4873	: 	: 	: 	: 	: 	: 	: 	: 	: 	: 	: 	: 	: 	: 	: 	: 	: 	: 	: 	: 	: 	: 	: 	: 	: 	: 	: 	: 	: 	: 	: 	: 	: 
"TOTAL,T,TOTAL,PC_EMP_HC,SK"	1.4122	1.3376	1.3451	1.1955	1.2271	1.2003	1.2464	1.2417	1.2192	1.0771	0.9757	0.9973	1.0074	1.0101	1.0286	0.9716	0.9927	1.04	1.0618	1.0573	1.1282	1.1286	: 	: 	: 	: 	: 	: 	: 	: 	: 	: 	: 	: 	: 	: 	: 	: 	: 
"TOTAL,T,TOTAL,PC_EMP_HC,SK0"	1.4122	1.3376	1.3451	1.1955	1.2271	1.2003	1.2464	1.2417	1.2192	1.0771	0.9757	0.9973	1.0074	1.0101	1.0286	0.9716	0.9927	1.04	1.0618	1.0573	1.1282	1.1286	: 	: 	: 	: 	: 	: 	: 	: 	: 	: 	: 	: 	: 	: 	: 	: 	: 
"TOTAL,T,TOTAL,PC_EMP_HC,SK01"	4.7481	4.4297	4.7063	3.9353	4.0967	4.2519	4.502	4.6145	4.3032	3.6736	3.2954	3.3278	3.4052	3.196	3.5027	3.2704	3.2976	3.2351	3.265	: 	: 	: 	: 	: 	: 	: 	: 	: 	: 	: 	: 	: 	: 	: 	: 	: 	: 	: 	: 
"TOTAL,T,TOTAL,PC_EMP_HC,SK02"	0.7832	0.7792	0.6891	0.7084	0.7023	0.5782	0.5671	0.5537	0.5952	0.5631	0.5463	0.5755	0.5668	0.5724	0.5361	0.5327	0.5721	0.6219	0.6621	: 	: 	: 	: 	: 	: 	: 	: 	: 	: 	: 	: 	: 	: 	: 	: 	: 	: 	: 	: 
"TOTAL,T,TOTAL,PC_EMP_HC,SK03"	1.0018	0.9554	0.9657	0.8626	0.8623	0.8032	0.842	0.8162	0.8165	0.7021	0.6405	0.6102	0.6601	0.7096	0.7154	0.608	0.6508	0.6865	0.6692	: 	: 	: 	: 	: 	: 	: 	: 	: 	: 	: 	: 	: 	: 	: 	: 	: 	: 	: 	: 
"TOTAL,T,TOTAL,PC_EMP_HC,SK04"	0.8757	0.832	0.837	0.7662	0.7976	0.8192	0.8219	0.8075	0.7906	0.7178	0.6472	0.6963	0.6585	0.6919	0.6964	0.6215	0.6401	0.6922	0.7239	: 	: 	: 	: 	: 	: 	: 	: 	: 	: 	: 	: 	: 	: 	: 	: 	: 	: 	: 	: 
"TOTAL,T,TOTAL,PC_EMP_HC,TR"	1.0393	0.9728	0.915	0.8665	0.846 e	0.7899 e	0.7625 e	0.7006 e	0.67 e	0.6524 e	0.6065 e	0.5922 e	0.5282 e	: 	: 	: 	: 	: 	: 	: 	: 	: 	: 	: 	: 	: 	: 	: 	: 	: 	: 	: 	: 	: 	: 	: 	: 	: 	: 
"TOTAL,T,TOTAL,PC_EMP_HC,UK"	2.4786 e	2.4031 e	2.2859 e	2.2328 e	2.1861 e	2.1104 e	2.026 e	1.9919 e	1.8534 e	1.7922 e	: 	1.7441 e	: 	1.6696 e	: 	: 	: 	: 	: 	: 	: 	: 	: 	: 	: 	: 	: 	: 	: 	: 	: 	: 	: 	: 	: 	: 	: 	: 	: 
"TOTAL,T,TOTAL,PC_EMP_HC,UKC"	2.17 e	2.0702 e	1.9682 e	1.9403 e	1.82 e	1.8762 e	1.7026 e	1.695 e	: 	1.4504 e	: 	1.3985 e	: 	1.3435 e	: 	: 	: 	: 	: 	: 	: 	: 	: 	: 	: 	: 	: 	: 	: 	: 	: 	: 	: 	: 	: 	: 	: 	: 	: 
"TOTAL,T,TOTAL,PC_EMP_HC,UKC1"	1.7644 e	1.6558 e	1.6076 e	1.6345 e	1.5813 e	1.7925 e	1.5137 e	1.4438 e	: 	1.3399 e	: 	1.2228 e	: 	1.1428 e	: 	: 	: 	: 	: 	: 	: 	: 	: 	: 	: 	: 	: 	: 	: 	: 	: 	: 	: 	: 	: 	: 	: 	: 	: 
"TOTAL,T,TOTAL,PC_EMP_HC,UKC2"	2.5073 e	2.403 e	2.2509 e	2.1803 e	2.0055 e	1.9404 e	1.8461 e	1.8959 e	: 	1.5365 e	: 	1.5401 e	: 	1.5072 e	: 	: 	: 	: 	: 	: 	: 	: 	: 	: 	: 	: 	: 	: 	: 	: 	: 	: 	: 	: 	: 	: 	: 	: 	: 
"TOTAL,T,TOTAL,PC_EMP_HC,UKD"	2.041 e	1.9445 e	1.8437 e	1.777 e	1.7277 e	1.6147 e	1.567 e	1.5418 e	: 	1.5442 e	: 	1.5268 e	: 	1.4207 e	: 	: 	: 	: 	: 	: 	: 	: 	: 	: 	: 	: 	: 	: 	: 	: 	: 	: 	: 	: 	: 	: 	: 	: 	: 
"TOTAL,T,TOTAL,PC_EMP_HC,UKD1"	1.7051 e	1.437 e	1.3392 e	1.2289 e	1.0913 e	0.7421 e	0.894 e	0.9723 e	: 	1.0959 e	: 	1.1295 e	: 	0.8949 e	: 	: 	: 	: 	: 	: 	: 	: 	: 	: 	: 	: 	: 	: 	: 	: 	: 	: 	: 	: 	: 	: 	: 	: 	: 
"TOTAL,T,TOTAL,PC_EMP_HC,UKD3"	2.1049 e	1.9828 e	1.8923 e	1.8476 e	1.799 e	1.7549 e	1.7689 e	1.7131 e	: 	1.6098 e	: 	1.5366 e	: 	1.478 e	: 	: 	: 	: 	: 	: 	: 	: 	: 	: 	: 	: 	: 	: 	: 	: 	: 	: 	: 	: 	: 	: 	: 	: 	: 
"TOTAL,T,TOTAL,PC_EMP_HC,UKD4"	1.9089 e	1.7478 e	1.6957 e	1.592 e	1.5389 e	1.5105 e	1.4099 e	1.3551 e	: 	1.607 e	: 	1.4917 e	: 	1.469 e	: 	: 	: 	: 	: 	: 	: 	: 	: 	: 	: 	: 	: 	: 	: 	: 	: 	: 	: 	: 	: 	: 	: 	: 	: 
"TOTAL,T,TOTAL,PC_EMP_HC,UKD6"	2.0831 e	1.9452 e	1.8904 e	1.9865 e	1.9366 e	1.7768 e	1.6855 e	1.6499 e	: 	1.6209 e	: 	: 	: 	: 	: 	: 	: 	: 	: 	: 	: 	: 	: 	: 	: 	: 	: 	: 	: 	: 	: 	: 	: 	: 	: 	: 	: 	: 	: 
"TOTAL,T,TOTAL,PC_EMP_HC,UKD7"	2.1395 e	2.2608 e	2.0464 e	1.8951 e	1.8613 e	1.6694 e	1.5218 e	1.5513 e	: 	1.4729 e	: 	: 	: 	: 	: 	: 	: 	: 	: 	: 	: 	: 	: 	: 	: 	: 	: 	: 	: 	: 	: 	: 	: 	: 	: 	: 	: 	: 	: 
"TOTAL,T,TOTAL,PC_EMP_HC,UKE"	2.1676 e	2.1503 e	1.9392 e	1.9481 e	1.8632 e	1.8465 e	1.6852 e	1.693 e	: 	1.373 e	: 	1.4023 e	: 	1.3563 e	: 	: 	: 	: 	: 	: 	: 	: 	: 	: 	: 	: 	: 	: 	: 	: 	: 	: 	: 	: 	: 	: 	: 	: 	: 
"TOTAL,T,TOTAL,PC_EMP_HC,UKE1"	1.2601 e	1.2081 e	1.1117 e	1.1031 e	1.1744 e	1.0964 e	1.0071 e	0.5498 e	: 	0.6624 e	: 	0.5908 e	: 	0.7149 e	: 	: 	: 	: 	: 	: 	: 	: 	: 	: 	: 	: 	: 	: 	: 	: 	: 	: 	: 	: 	: 	: 	: 	: 	: 
"TOTAL,T,TOTAL,PC_EMP_HC,UKE2"	2.7024 e	2.4996 e	2.3954 e	2.3379 e	2.1935 e	2.1222 e	1.7578 e	2.3548 e	: 	1.757 e	: 	1.7154 e	: 	1.5698 e	: 	: 	: 	: 	: 	: 	: 	: 	: 	: 	: 	: 	: 	: 	: 	: 	: 	: 	: 	: 	: 	: 	: 	: 	: 
"TOTAL,T,TOTAL,PC_EMP_HC,UKE3"	2.3528 e	2.5005 e	2.2702 e	2.3085 e	2.0951 e	2.1003 e	1.9311 e	1.9815 e	: 	1.5488 e	: 	1.7468 e	: 	1.6035 e	: 	: 	: 	: 	: 	: 	: 	: 	: 	: 	: 	: 	: 	: 	: 	: 	: 	: 	: 	: 	: 	: 	: 	: 	: 
"TOTAL,T,TOTAL,PC_EMP_HC,UKE4"	2.2134 e	2.1804 e	1.9071 e	1.9276 e	1.878 e	1.8988 e	1.7861 e	1.7651 e	: 	1.4288 e	: 	1.4355 e	: 	1.3875 e	: 	: 	: 	: 	: 	: 	: 	: 	: 	: 	: 	: 	: 	: 	: 	: 	: 	: 	: 	: 	: 	: 	: 	: 	: 
"TOTAL,T,TOTAL,PC_EMP_HC,UKF"	2.3088 e	2.248 e	2.1687 e	2.0633 e	2.0897 e	2.0758 e	1.9119 e	1.8753 e	: 	1.6621 e	: 	1.6556 e	: 	1.5579 e	: 	: 	: 	: 	: 	: 	: 	: 	: 	: 	: 	: 	: 	: 	: 	: 	: 	: 	: 	: 	: 	: 	: 	: 	: 
"TOTAL,T,TOTAL,PC_EMP_HC,UKF1"	3.1843 e	3.0298 e	2.8808 e	2.7333 e	2.8635 e	2.7974 e	2.4762 e	2.4875 e	: 	1.9673 e	: 	1.9914 e	: 	1.8099 e	: 	: 	: 	: 	: 	: 	: 	: 	: 	: 	: 	: 	: 	: 	: 	: 	: 	: 	: 	: 	: 	: 	: 	: 	: 
"TOTAL,T,TOTAL,PC_EMP_HC,UKF2"	1.8784 e	1.9014 e	1.8632 e	1.7886 e	1.8383 e	1.8345 e	1.7474 e	1.7257 e	: 	1.7593 e	: 	1.7157 e	: 	1.6961 e	: 	: 	: 	: 	: 	: 	: 	: 	: 	: 	: 	: 	: 	: 	: 	: 	: 	: 	: 	: 	: 	: 	: 	: 	: 
"TOTAL,T,TOTAL,PC_EMP_HC,UKF3"	0.7722 e	0.7793 e	0.7486 e	0.7086 e	0.5995 e	0.6025 e	0.5992 e	0.543 e	: 	0.5203 e	: 	0.5088 e	: 	0.4698 e	: 	: 	: 	: 	: 	: 	: 	: 	: 	: 	: 	: 	: 	: 	: 	: 	: 	: 	: 	: 	: 	: 	: 	: 	: 
"TOTAL,T,TOTAL,PC_EMP_HC,UKG"	2.2838 e	2.1847 e	1.8771 e	1.9329 e	1.8817 e	1.6901 e	1.5538 e	1.4809 e	: 	1.4005 e	: 	1.3744 e	: 	1.3183 e	: 	: 	: 	: 	: 	: 	: 	: 	: 	: 	: 	: 	: 	: 	: 	: 	: 	: 	: 	: 	: 	: 	: 	: 	: 
"TOTAL,T,TOTAL,PC_EMP_HC,UKG1"	3.0957 e	2.7699 e	1.8649 e	1.9913 e	1.9541 e	1.5553 e	1.5079 e	1.318 e	: 	1.0659 e	: 	1.146 e	: 	1.0406 e	: 	: 	: 	: 	: 	: 	: 	: 	: 	: 	: 	: 	: 	: 	: 	: 	: 	: 	: 	: 	: 	: 	: 	: 	: 
"TOTAL,T,TOTAL,PC_EMP_HC,UKG2"	0.975 e	0.8765 e	0.7656 e	0.7923 e	0.7126 e	0.6348 e	0.5984 e	0.6141 e	: 	0.5039 e	: 	0.5332 e	: 	0.5309 e	: 	: 	: 	: 	: 	: 	: 	: 	: 	: 	: 	: 	: 	: 	: 	: 	: 	: 	: 	: 	: 	: 	: 	: 	: 
"TOTAL,T,TOTAL,PC_EMP_HC,UKG3"	2.6577 e	2.7139 e	2.6015 e	2.643 e	2.5831 e	2.4669 e	2.1967 e	2.1357 e	: 	2.2095 e	: 	2.0486 e	: 	1.9741 e	: 	: 	: 	: 	: 	: 	: 	: 	: 	: 	: 	: 	: 	: 	: 	: 	: 	: 	: 	: 	: 	: 	: 	: 	: 
"TOTAL,T,TOTAL,PC_EMP_HC,UKH"	2.8321 e	2.7743 e	2.6526 e	2.5907 e	2.5286 e	2.4843 e	2.3337 e	2.4375 e	: 	2.2073 e	: 	2.2555 e	: 	2.1149 e	: 	: 	: 	: 	: 	: 	: 	: 	: 	: 	: 	: 	: 	: 	: 	: 	: 	: 	: 	: 	: 	: 	: 	: 	: 
"TOTAL,T,TOTAL,PC_EMP_HC,UKH1"	4.3583 e	4.158 e	3.8204 e	3.7887 e	3.6106 e	3.5596 e	3.4206 e	3.4558 e	: 	2.9255 e	: 	2.9245 e	: 	2.8093 e	: 	: 	: 	: 	: 	: 	: 	: 	: 	: 	: 	: 	: 	: 	: 	: 	: 	: 	: 	: 	: 	: 	: 	: 	: 
"TOTAL,T,TOTAL,PC_EMP_HC,UKH2"	2.451 e	2.4379 e	2.3714 e	2.2734 e	2.2056 e	2.3172 e	1.9354 e	2.0146 e	: 	1.9459 e	: 	2.0974 e	: 	1.8705 e	: 	: 	: 	: 	: 	: 	: 	: 	: 	: 	: 	: 	: 	: 	: 	: 	: 	: 	: 	: 	: 	: 	: 	: 	: 
"TOTAL,T,TOTAL,PC_EMP_HC,UKH3"	1.1722 e	1.2469 e	1.2983 e	1.2539 e	1.2819 e	1.1804 e	1.2244 e	1.4488 e	: 	1.4603 e	: 	1.4919 e	: 	1.4238 e	: 	: 	: 	: 	: 	: 	: 	: 	: 	: 	: 	: 	: 	: 	: 	: 	: 	: 	: 	: 	: 	: 	: 	: 	: 
"TOTAL,T,TOTAL,PC_EMP_HC,UKI"	2.5432 e	2.54 e	2.4109 e	2.3866 e	2.3647 e	2.2707 e	2.4082 e	2.3642 e	: 	2.0255 e	: 	1.9628 e	: 	1.873 e	: 	: 	: 	: 	: 	: 	: 	: 	: 	: 	: 	: 	: 	: 	: 	: 	: 	: 	: 	: 	: 	: 	: 	: 	: 
"TOTAL,T,TOTAL,PC_EMP_HC,UKI3"	12.2315 e	12.309 e	11.1125 e	11.0695 e	11.0747 e	11.1932 e	11.5833 e	11.9932 e	: 	: 	: 	: 	: 	: 	: 	: 	: 	: 	: 	: 	: 	: 	: 	: 	: 	: 	: 	: 	: 	: 	: 	: 	: 	: 	: 	: 	: 	: 	: 
"TOTAL,T,TOTAL,PC_EMP_HC,UKI4"	1.476 e	1.3758 e	1.352 e	1.346 e	1.2844 e	1.1559 e	1.1327 e	1.1833 e	: 	: 	: 	: 	: 	: 	: 	: 	: 	: 	: 	: 	: 	: 	: 	: 	: 	: 	: 	: 	: 	: 	: 	: 	: 	: 	: 	: 	: 	: 	: 
"TOTAL,T,TOTAL,PC_EMP_HC,UKI5"	0.3527 e	0.3197 e	0.3368 e	0.3458 e	0.3479 e	0.3486 e	0.346 e	0.332 e	: 	: 	: 	: 	: 	: 	: 	: 	: 	: 	: 	: 	: 	: 	: 	: 	: 	: 	: 	: 	: 	: 	: 	: 	: 	: 	: 	: 	: 	: 	: 
"TOTAL,T,TOTAL,PC_EMP_HC,UKI6"	0.5761 e	0.5978 e	0.5482 e	0.5132 e	0.5976 e	0.4882 e	0.4934 e	0.5527 e	: 	: 	: 	: 	: 	: 	: 	: 	: 	: 	: 	: 	: 	: 	: 	: 	: 	: 	: 	: 	: 	: 	: 	: 	: 	: 	: 	: 	: 	: 	: 
"TOTAL,T,TOTAL,PC_EMP_HC,UKI7"	1.4357 e	1.6694 e	1.4089 e	1.4571 e	1.2811 e	1.1992 e	1.3435 e	1.0579 e	: 	: 	: 	: 	: 	: 	: 	: 	: 	: 	: 	: 	: 	: 	: 	: 	: 	: 	: 	: 	: 	: 	: 	: 	: 	: 	: 	: 	: 	: 	: 
"TOTAL,T,TOTAL,PC_EMP_HC,UKJ"	2.7916 e	2.6218 e	2.6324 e	2.5818 e	2.526 e	2.4841 e	2.389 e	2.2774 e	: 	2.1262 e	: 	2.1125 e	: 	1.988 e	: 	: 	: 	: 	: 	: 	: 	: 	: 	: 	: 	: 	: 	: 	: 	: 	: 	: 	: 	: 	: 	: 	: 	: 	: 
"TOTAL,T,TOTAL,PC_EMP_HC,UKJ1"	5.0509 e	4.7123 e	4.6968 e	4.4628 e	4.4132 e	4.2541 e	3.9899 e	3.7102 e	: 	3.1793 e	: 	3.1495 e	: 	2.9492 e	: 	: 	: 	: 	: 	: 	: 	: 	: 	: 	: 	: 	: 	: 	: 	: 	: 	: 	: 	: 	: 	: 	: 	: 	: 
"TOTAL,T,TOTAL,PC_EMP_HC,UKJ2"	1.9272 e	1.789 e	1.7556 e	1.7653 e	1.7137 e	1.7055 e	1.6748 e	1.5564 e	: 	1.3514 e	: 	1.2973 e	: 	1.2497 e	: 	: 	: 	: 	: 	: 	: 	: 	: 	: 	: 	: 	: 	: 	: 	: 	: 	: 	: 	: 	: 	: 	: 	: 	: 
"TOTAL,T,TOTAL,PC_EMP_HC,UKJ3"	2.5652 e	2.4627 e	2.5946 e	2.651 e	2.5302 e	2.5792 e	2.5201 e	2.4733 e	: 	2.6113 e	: 	2.6943 e	: 	2.5049 e	: 	: 	: 	: 	: 	: 	: 	: 	: 	: 	: 	: 	: 	: 	: 	: 	: 	: 	: 	: 	: 	: 	: 	: 	: 
"TOTAL,T,TOTAL,PC_EMP_HC,UKJ4"	1.1927 e	1.1773 e	1.1406 e	1.1246 e	1.0981 e	1.0877 e	1.0503 e	1.1491 e	: 	1.2901 e	: 	1.2922 e	: 	1.196 e	: 	: 	: 	: 	: 	: 	: 	: 	: 	: 	: 	: 	: 	: 	: 	: 	: 	: 	: 	: 	: 	: 	: 	: 	: 
"TOTAL,T,TOTAL,PC_EMP_HC,UKK"	2.0036 e	1.9579 e	1.839 e	1.7772 e	1.7766 e	1.7378 e	1.7093 e	1.6781 e	: 	1.5091 e	: 	1.472 e	: 	1.4288 e	: 	: 	: 	: 	: 	: 	: 	: 	: 	: 	: 	: 	: 	: 	: 	: 	: 	: 	: 	: 	: 	: 	: 	: 	: 
"TOTAL,T,TOTAL,PC_EMP_HC,UKK1"	2.8644 e	2.8124 e	2.6834 e	2.6038 e	2.6543 e	2.6594 e	2.6327 e	2.5476 e	: 	2.278 e	: 	2.2166 e	: 	2.1702 e	: 	: 	: 	: 	: 	: 	: 	: 	: 	: 	: 	: 	: 	: 	: 	: 	: 	: 	: 	: 	: 	: 	: 	: 	: 
"TOTAL,T,TOTAL,PC_EMP_HC,UKK2"	0.9934 e	0.9764 e	0.9105 e	0.8631 e	0.7711 e	0.7031 e	0.6923 e	0.672 e	: 	0.666 e	: 	0.7043 e	: 	0.6633 e	: 	: 	: 	: 	: 	: 	: 	: 	: 	: 	: 	: 	: 	: 	: 	: 	: 	: 	: 	: 	: 	: 	: 	: 	: 
"TOTAL,T,TOTAL,PC_EMP_HC,UKK3"	0.4204 e	0.4667 e	0.3562 e	0.3754 e	0.311 e	0.2926 e	0.327 e	0.3316 e	: 	0.2707 e	: 	0.2133 e	: 	0.1808 e	: 	: 	: 	: 	: 	: 	: 	: 	: 	: 	: 	: 	: 	: 	: 	: 	: 	: 	: 	: 	: 	: 	: 	: 	: 
"TOTAL,T,TOTAL,PC_EMP_HC,UKK4"	1.8652 e	1.8042 e	1.6752 e	1.6229 e	1.6907 e	1.5464 e	1.4492 e	1.5154 e	: 	1.3134 e	: 	1.216 e	: 	1.1734 e	: 	: 	: 	: 	: 	: 	: 	: 	: 	: 	: 	: 	: 	: 	: 	: 	: 	: 	: 	: 	: 	: 	: 	: 	: 
"TOTAL,T,TOTAL,PC_EMP_HC,UKL"	1.8264 e	1.7915 e	1.639 e	1.615 e	1.6813 e	1.5566 e	1.5106 e	1.6104 e	: 	1.3536 e	: 	1.3193 e	: 	1.2638 e	: 	: 	: 	: 	: 	: 	: 	: 	: 	: 	: 	: 	: 	: 	: 	: 	: 	: 	: 	: 	: 	: 	: 	: 	: 
"TOTAL,T,TOTAL,PC_EMP_HC,UKL1"	1.5703 e	1.5411 e	1.3471 e	1.3605 e	1.4608 e	1.1459 e	1.0664 e	1.1615 e	: 	0.9624 e	: 	0.9547 e	: 	0.9165 e	: 	: 	: 	: 	: 	: 	: 	: 	: 	: 	: 	: 	: 	: 	: 	: 	: 	: 	: 	: 	: 	: 	: 	: 	: 
"TOTAL,T,TOTAL,PC_EMP_HC,UKL2"	2.2263 e	2.1826 e	2.1303 e	2.0335 e	2.0316 e	2.2095 e	2.2255 e	2.3112 e	: 	1.9491 e	: 	1.898 e	: 	1.8031 e	: 	: 	: 	: 	: 	: 	: 	: 	: 	: 	: 	: 	: 	: 	: 	: 	: 	: 	: 	: 	: 	: 	: 	: 	: 
"TOTAL,T,TOTAL,PC_EMP_HC,UKM"	2.6039 e	2.5511	2.4699	2.3095	2.2425	2.2055 e	2.0398 e	1.993 e	: 	1.8984 e	: 	1.8166 e	: 	1.7644 e	: 	: 	: 	: 	: 	: 	: 	: 	: 	: 	: 	: 	: 	: 	: 	: 	: 	: 	: 	: 	: 	: 	: 	: 	: 
"TOTAL,T,TOTAL,PC_EMP_HC,UKM2"	: 	1.231 b	3.5013 e	3.33 e	2.7725 e	2.67 e	2.4557 e	: 	: 	: 	: 	: 	: 	: 	: 	: 	: 	: 	: 	: 	: 	: 	: 	: 	: 	: 	: 	: 	: 	: 	: 	: 	: 	: 	: 	: 	: 	: 	: 
"TOTAL,T,TOTAL,PC_EMP_HC,UKM3"	: 	0.612 b	1.9497 e	1.878 e	2.019 e	1.9705 e	1.814 e	: 	: 	: 	: 	: 	: 	: 	: 	: 	: 	: 	: 	: 	: 	: 	: 	: 	: 	: 	: 	: 	: 	: 	: 	: 	: 	: 	: 	: 	: 	: 	: 
"TOTAL,T,TOTAL,PC_EMP_HC,UKM5"	3.0511 e	3.0106	3.1373	2.5273	3.4072	3.6632 e	3.2291 e	: 	: 	: 	: 	: 	: 	: 	: 	: 	: 	: 	: 	: 	: 	: 	: 	: 	: 	: 	: 	: 	: 	: 	: 	: 	: 	: 	: 	: 	: 	: 	: 
"TOTAL,T,TOTAL,PC_EMP_HC,UKM6"	0.431 e	0.4409	0.3478	0.311	0.3044	0.3121 e	0.259 e	: 	: 	: 	: 	: 	: 	: 	: 	: 	: 	: 	: 	: 	: 	: 	: 	: 	: 	: 	: 	: 	: 	: 	: 	: 	: 	: 	: 	: 	: 	: 	: 
"TOTAL,T,TOTAL,PC_EMP_HC,UKM7"	3.8662 e	3.8382	3.6646	3.5187	2.9505	: 	: 	: 	: 	: 	: 	: 	: 	: 	: 	: 	: 	: 	: 	: 	: 	: 	: 	: 	: 	: 	: 	: 	: 	: 	: 	: 	: 	: 	: 	: 	: 	: 	: 
"TOTAL,T,TOTAL,PC_EMP_HC,UKM8"	2.6876 e	2.7079	2.6051	2.5446	2.7664	: 	: 	: 	: 	: 	: 	: 	: 	: 	: 	: 	: 	: 	: 	: 	: 	: 	: 	: 	: 	: 	: 	: 	: 	: 	: 	: 	: 	: 	: 	: 	: 	: 	: 
"TOTAL,T,TOTAL,PC_EMP_HC,UKM9"	0.4088 e	0.3762	0.3376	0.2828	0.393	: 	: 	: 	: 	: 	: 	: 	: 	: 	: 	: 	: 	: 	: 	: 	: 	: 	: 	: 	: 	: 	: 	: 	: 	: 	: 	: 	: 	: 	: 	: 	: 	: 	: 
"TOTAL,T,TOTAL,PC_EMP_HC,UKN"	2.1151 e	2.0339 e	2.0479 e	1.8727 e	1.7371 e	1.5765 e	1.6967 e	1.5334 e	: 	1.3585 e	: 	1.3509 e	: 	1.2928 e	: 	: 	: 	: 	: 	: 	: 	: 	: 	: 	: 	: 	: 	: 	: 	: 	: 	: 	: 	: 	: 	: 	: 	: 	: 
"TOTAL,T,TOTAL,PC_EMP_HC,UKN0"	2.1151 e	2.0339 e	2.0479 e	1.8727 e	1.7371 e	1.5765 e	1.6967 e	1.5334 e	: 	1.3585 e	: 	1.3509 e	: 	1.2928 e	: 	: 	: 	: 	: 	: 	: 	: 	: 	: 	: 	: 	: 	: 	: 	: 	: 	: 	: 	: 	: 	: 	: 	: 	: 